800 25522
1 5
1 8
1 10
1 12
1 23
1 35
1 36
1 58
1 72
1 80
1 84
1 108
1 117
1 126
1 127
1 131
1 132
1 136
1 154
1 159
1 181
1 182
1 229
1 255
1 258
1 296
1 298
1 321
1 324
1 328
1 334
1 347
1 350
1 356
1 368
1 377
1 379
1 400
1 402
1 424
1 430
1 434
1 435
1 450
1 467
1 477
1 483
1 486
1 499
1 505
1 506
1 520
1 541
1 542
1 550
1 565
1 583
1 589
1 626
1 641
1 642
1 647
1 664
1 675
1 681
1 693
1 701
1 729
1 730
1 741
1 747
1 758
1 765
1 769
1 770
1 771
1 784
1 789
2 11
2 15
2 16
2 60
2 84
2 92
2 114
2 122
2 143
2 164
2 167
2 180
2 195
2 201
2 218
2 232
2 261
2 269
2 270
2 279
2 280
2 300
2 310
2 314
2 316
2 328
2 332
2 341
2 357
2 382
2 385
2 390
2 391
2 396
2 402
2 409
2 422
2 432
2 444
2 448
2 475
2 529
2 574
2 597
2 600
2 638
2 650
2 657
2 658
2 689
2 696
2 705
2 708
2 717
2 746
2 750
2 752
2 771
2 786
2 788
2 794
3 8
3 9
3 16
3 21
3 34
3 35
3 38
3 44
3 61
3 79
3 85
3 130
3 140
3 141
3 154
3 158
3 164
3 180
3 186
3 191
3 208
3 211
3 230
3 247
3 262
3 266
3 270
3 283
3 294
3 298
3 304
3 315
3 327
3 334
3 341
3 345
3 353
3 385
3 394
3 397
3 406
3 453
3 464
3 467
3 492
3 529
3 530
3 584
3 589
3 613
3 614
3 627
3 634
3 664
3 672
3 724
3 737
3 753
3 754
3 759
3 770
3 774
3 777
3 799
4 10
4 19
4 51
4 61
4 62
4 74
4 83
4 104
4 122
4 126
4 156
4 167
4 198
4 216
4 219
4 242
4 256
4 270
4 276
4 287
4 292
4 299
4 302
4 305
4 316
4 337
4 347
4 354
4 371
4 376
4 390
4 407
4 409
4 416
4 420
4 450
4 459
4 461
4 472
4 485
4 489
4 532
4 535
4 548
4 552
4 557
4 582
4 583
4 588
4 606
4 618
4 625
4 666
4 694
4 697
4 712
4 730
4 737
4 752
4 759
4 765
4 769
4 779
4 789
4 796
5 12
5 28
5 31
5 33
5 58
5 60
5 75
5 109
5 115
5 123
5 130
5 166
5 176
5 187
5 191
5 199
5 276
5 278
5 298
5 317
5 332
5 346
5 355
5 363
5 393
5 431
5 438
5 466
5 493
5 505
5 508
5 512
5 516
5 530
5 532
5 535
5 549
5 576
5 578
5 588
5 610
5 621
5 625
5 629
5 632
5 651
5 653
5 665
5 674
5 678
5 679
5 689
5 702
5 710
5 711
5 715
5 717
5 741
5 742
5 757
5 782
6 18
6 30
6 41
6 42
6 43
6 63
6 70
6 85
6 86
6 111
6 115
6 127
6 132
6 151
6 161
6 164
6 185
6 194
6 214
6 218
6 233
6 246
6 249
6 268
6 278
6 284
6 308
6 312
6 321
6 342
6 346
6 347
6 350
6 355
6 366
6 380
6 408
6 430
6 433
6 448
6 467
6 474
6 482
6 487
6 532
6 576
6 589
6 592
6 593
6 624
6 665
6 684
6 703
6 707
6 739
6 751
6 778
7 11
7 13
7 17
7 37
7 38
7 40
7 63
7 66
7 83
7 87
7 160
7 169
7 174
7 237
7 257
7 258
7 270
7 271
7 276
7 281
7 294
7 325
7 326
7 346
7 363
7 369
7 382
7 397
7 419
7 424
7 434
7 445
7 446
7 504
7 506
7 547
7 550
7 557
7 568
7 586
7 593
7 610
7 657
7 698
7 707
7 717
7 719
7 720
7 761
7 789
8 31
8 34
8 47
8 56
8 70
8 77
8 83
8 102
8 106
8 119
8 133
8 135
8 157
8 172
8 178
8 183
8 187
8 200
8 208
8 245
8 259
8 308
8 311
8 314
8 318
8 331
8 383
8 385
8 404
8 406
8 414
8 418
8 432
8 452
8 463
8 466
8 468
8 491
8 500
8 517
8 557
8 567
8 626
8 649
8 669
8 679
8 680
8 687
8 691
8 693
8 719
8 736
8 738
8 748
8 752
8 789
8 795
8 798
9 34
9 48
9 86
9 94
9 96
9 107
9 113
9 116
9 128
9 130
9 136
9 156
9 161
9 206
9 213
9 219
9 238
9 240
9 272
9 319
9 322
9 338
9 349
9 368
9 390
9 392
9 467
9 483
9 484
9 512
9 524
9 526
9 531
9 543
9 553
9 555
9 568
9 582
9 596
9 607
9 618
9 629
9 633
9 652
9 662
9 671
9 675
9 681
9 733
9 740
9 741
9 742
9 744
9 756
9 761
9 777
9 785
9 788
9 792
9 800
10 19
10 35
10 54
10 58
10 77
10 87
10 95
10 97
10 101
10 108
10 112
10 129
10 130
10 134
10 164
10 172
10 215
10 221
10 229
10 238
10 252
10 256
10 272
10 287
10 304
10 321
10 339
10 348
10 350
10 355
10 366
10 384
10 385
10 395
10 403
10 424
10 444
10 446
10 460
10 472
10 481
10 486
10 490
10 507
10 508
10 519
10 524
10 547
10 557
10 574
10 576
10 595
10 601
10 617
10 624
10 627
10 637
10 641
10 642
10 649
10 671
10 672
10 674
10 692
10 696
10 713
10 773
11 17
11 28
11 40
11 44
11 45
11 52
11 56
11 61
11 92
11 93
11 143
11 149
11 154
11 177
11 199
11 202
11 206
11 242
11 250
11 263
11 273
11 280
11 305
11 310
11 313
11 325
11 336
11 349
11 350
11 381
11 403
11 406
11 418
11 425
11 430
11 443
11 454
11 498
11 509
11 520
11 526
11 533
11 551
11 563
11 570
11 573
11 584
11 629
11 632
11 636
11 653
11 655
11 662
11 670
11 672
11 699
11 704
11 714
11 734
11 749
11 771
11 777
11 783
11 788
12 14
12 26
12 35
12 44
12 53
12 70
12 85
12 94
12 114
12 131
12 137
12 139
12 144
12 145
12 148
12 167
12 190
12 197
12 218
12 227
12 243
12 244
12 264
12 266
12 270
12 299
12 302
12 306
12 335
12 338
12 374
12 391
12 408
12 420
12 427
12 434
12 443
12 455
12 459
12 461
12 466
12 517
12 526
12 531
12 553
12 563
12 568
12 574
12 578
12 587
12 604
12 620
12 622
12 636
12 641
12 655
12 683
12 698
12 700
12 742
12 746
12 752
12 758
12 766
12 771
12 772
12 790
13 42
13 51
13 81
13 87
13 90
13 91
13 106
13 115
13 124
13 151
13 157
13 165
13 168
13 196
13 202
13 256
13 262
13 271
13 275
13 277
13 279
13 292
13 298
13 313
13 321
13 355
13 366
13 400
13 409
13 442
13 447
13 450
13 482
13 490
13 528
13 535
13 549
13 582
13 600
13 628
13 653
13 658
13 668
13 675
13 697
13 698
13 709
13 735
13 757
13 758
13 760
13 762
13 782
14 37
14 53
14 58
14 67
14 76
14 77
14 80
14 83
14 120
14 126
14 127
14 144
14 152
14 156
14 163
14 168
14 227
14 244
14 284
14 288
14 345
14 373
14 398
14 426
14 436
14 441
14 448
14 458
14 459
14 463
14 466
14 468
14 478
14 495
14 504
14 510
14 526
14 538
14 555
14 558
14 583
14 594
14 621
14 634
14 640
14 659
14 673
14 682
14 709
14 718
14 719
14 738
14 741
14 780
14 793
14 799
15 19
15 26
15 28
15 30
15 51
15 55
15 62
15 69
15 72
15 74
15 104
15 115
15 140
15 143
15 144
15 148
15 149
15 160
15 227
15 229
15 244
15 315
15 318
15 325
15 326
15 339
15 346
15 349
15 350
15 353
15 362
15 389
15 391
15 393
15 401
15 416
15 439
15 440
15 486
15 492
15 530
15 534
15 535
15 565
15 566
15 567
15 576
15 585
15 591
15 595
15 598
15 608
15 610
15 633
15 663
15 688
15 691
15 696
15 704
15 716
15 723
15 724
15 741
15 768
15 782
16 17
16 38
16 40
16 62
16 71
16 72
16 84
16 144
16 146
16 153
16 162
16 167
16 180
16 183
16 191
16 194
16 207
16 211
16 238
16 241
16 250
16 255
16 287
16 304
16 327
16 345
16 364
16 383
16 391
16 394
16 403
16 426
16 434
16 469
16 473
16 475
16 485
16 498
16 500
16 513
16 523
16 530
16 554
16 593
16 600
16 607
16 615
16 616
16 645
16 680
16 696
16 703
16 719
16 725
16 728
16 729
16 730
16 733
16 735
16 758
16 767
16 772
16 792
17 22
17 24
17 32
17 45
17 53
17 75
17 103
17 129
17 145
17 147
17 164
17 166
17 175
17 176
17 181
17 192
17 201
17 222
17 227
17 239
17 248
17 262
17 266
17 277
17 283
17 289
17 292
17 300
17 304
17 317
17 324
17 327
17 372
17 379
17 390
17 404
17 407
17 423
17 448
17 454
17 478
17 540
17 548
17 550
17 567
17 570
17 583
17 587
17 594
17 601
17 638
17 642
17 682
17 693
17 698
17 700
17 725
17 726
17 736
17 775
17 783
17 784
17 786
17 791
18 27
18 29
18 37
18 57
18 58
18 68
18 84
18 95
18 104
18 115
18 118
18 120
18 123
18 134
18 142
18 145
18 146
18 215
18 219
18 241
18 244
18 297
18 299
18 300
18 317
18 325
18 362
18 375
18 380
18 389
18 397
18 400
18 403
18 432
18 436
18 464
18 478
18 491
18 501
18 515
18 561
18 574
18 576
18 587
18 603
18 646
18 679
18 699
18 701
18 703
18 733
18 738
18 739
18 744
18 757
18 765
18 770
18 772
18 784
19 32
19 44
19 45
19 47
19 51
19 61
19 65
19 70
19 110
19 118
19 120
19 136
19 169
19 174
19 177
19 185
19 192
19 196
19 201
19 220
19 226
19 237
19 243
19 249
19 260
19 270
19 273
19 279
19 282
19 286
19 313
19 323
19 328
19 382
19 411
19 431
19 437
19 495
19 508
19 510
19 515
19 523
19 549
19 571
19 588
19 607
19 618
19 632
19 649
19 662
19 666
19 669
19 671
19 672
19 682
19 694
19 702
19 703
19 717
19 753
19 759
19 774
19 778
19 795
20 32
20 45
20 58
20 79
20 80
20 96
20 99
20 144
20 151
20 154
20 226
20 228
20 241
20 253
20 284
20 288
20 304
20 314
20 324
20 325
20 332
20 340
20 361
20 363
20 402
20 468
20 484
20 503
20 509
20 535
20 537
20 550
20 557
20 597
20 606
20 623
20 630
20 646
20 652
20 670
20 676
20 685
20 698
20 711
20 712
20 714
20 725
20 740
20 747
20 753
20 761
20 779
20 790
21 27
21 39
21 50
21 60
21 76
21 78
21 82
21 96
21 99
21 119
21 128
21 168
21 222
21 226
21 233
21 242
21 263
21 291
21 310
21 330
21 338
21 344
21 365
21 372
21 374
21 388
21 405
21 421
21 431
21 443
21 465
21 477
21 484
21 488
21 507
21 524
21 541
21 570
21 585
21 586
21 598
21 604
21 624
21 638
21 651
21 653
21 663
21 682
21 683
21 694
21 714
21 721
21 723
21 743
21 744
21 775
21 784
22 25
22 34
22 52
22 55
22 57
22 66
22 72
22 92
22 101
22 115
22 127
22 137
22 196
22 203
22 208
22 243
22 248
22 249
22 251
22 264
22 277
22 284
22 300
22 301
22 332
22 347
22 349
22 378
22 396
22 401
22 412
22 439
22 473
22 476
22 477
22 487
22 491
22 497
22 515
22 537
22 558
22 580
22 581
22 582
22 616
22 620
22 648
22 654
22 668
22 681
22 701
22 720
22 723
22 724
22 728
22 731
22 736
22 738
22 764
22 780
22 790
23 28
23 39
23 87
23 94
23 111
23 136
23 146
23 150
23 160
23 161
23 167
23 178
23 209
23 224
23 277
23 300
23 322
23 355
23 369
23 399
23 401
23 407
23 424
23 428
23 440
23 486
23 489
23 492
23 497
23 508
23 514
23 534
23 559
23 564
23 589
23 619
23 624
23 625
23 659
23 666
23 679
23 699
23 709
23 711
23 714
23 715
23 732
23 737
23 740
23 757
23 773
23 786
23 789
23 791
23 799
24 33
24 99
24 110
24 119
24 141
24 142
24 161
24 181
24 187
24 192
24 210
24 226
24 230
24 232
24 238
24 241
24 247
24 273
24 275
24 281
24 296
24 299
24 302
24 305
24 308
24 313
24 326
24 336
24 342
24 345
24 364
24 374
24 378
24 411
24 418
24 458
24 477
24 531
24 563
24 571
24 581
24 607
24 619
24 622
24 645
24 648
24 663
24 668
24 670
24 678
24 687
24 701
24 722
24 725
24 727
24 736
24 758
24 766
24 768
24 777
24 782
24 789
25 35
25 41
25 49
25 58
25 83
25 97
25 110
25 120
25 123
25 132
25 136
25 138
25 144
25 148
25 162
25 170
25 172
25 174
25 181
25 192
25 202
25 220
25 232
25 235
25 243
25 245
25 255
25 266
25 276
25 289
25 312
25 324
25 325
25 360
25 367
25 378
25 384
25 393
25 403
25 422
25 438
25 439
25 448
25 453
25 497
25 501
25 503
25 505
25 509
25 517
25 528
25 563
25 573
25 580
25 592
25 609
25 612
25 616
25 623
25 662
25 668
25 681
25 696
25 711
25 727
25 731
25 736
25 738
25 739
25 754
25 771
25 800
26 32
26 41
26 44
26 48
26 58
26 60
26 62
26 66
26 94
26 108
26 124
26 152
26 155
26 159
26 162
26 171
26 198
26 211
26 227
26 230
26 241
26 269
26 277
26 282
26 298
26 323
26 325
26 329
26 332
26 338
26 345
26 350
26 354
26 368
26 379
26 383
26 410
26 414
26 431
26 444
26 452
26 455
26 474
26 478
26 501
26 504
26 507
26 527
26 530
26 541
26 543
26 546
26 561
26 586
26 588
26 596
26 602
26 604
26 605
26 615
26 653
26 659
26 660
26 664
26 677
26 703
26 719
26 723
26 735
26 737
26 748
26 766
26 781
26 787
27 67
27 89
27 99
27 119
27 120
27 131
27 142
27 149
27 161
27 163
27 178
27 189
27 210
27 217
27 225
27 245
27 250
27 257
27 285
27 300
27 305
27 311
27 313
27 314
27 319
27 330
27 337
27 346
27 371
27 374
27 376
27 377
27 388
27 432
27 440
27 467
27 470
27 475
27 484
27 493
27 507
27 516
27 523
27 527
27 532
27 536
27 562
27 583
27 605
27 639
27 644
27 676
27 681
27 690
27 696
27 714
27 717
27 739
27 765
27 778
27 788
28 42
28 61
28 68
28 69
28 83
28 86
28 111
28 126
28 147
28 195
28 197
28 230
28 280
28 300
28 302
28 304
28 326
28 334
28 360
28 396
28 406
28 412
28 424
28 453
28 508
28 510
28 527
28 529
28 553
28 554
28 555
28 556
28 573
28 587
28 605
28 606
28 608
28 631
28 635
28 666
28 693
28 702
28 704
28 710
28 712
28 720
28 722
28 742
28 765
28 771
28 772
29 30
29 34
29 35
29 40
29 58
29 64
29 91
29 102
29 108
29 109
29 130
29 138
29 148
29 153
29 167
29 174
29 189
29 200
29 222
29 240
29 241
29 244
29 245
29 249
29 260
29 326
29 327
29 344
29 354
29 358
29 363
29 365
29 378
29 385
29 395
29 421
29 422
29 440
29 469
29 475
29 481
29 483
29 514
29 520
29 532
29 560
29 570
29 575
29 585
29 610
29 620
29 621
29 630
29 633
29 635
29 638
29 653
29 666
29 698
29 720
29 723
29 756
30 50
30 59
30 78
30 94
30 103
30 136
30 140
30 142
30 147
30 174
30 191
30 203
30 204
30 205
30 214
30 225
30 232
30 256
30 257
30 267
30 286
30 305
30 306
30 320
30 336
30 359
30 370
30 379
30 386
30 393
30 417
30 421
30 425
30 465
30 471
30 486
30 488
30 502
30 512
30 533
30 549
30 560
30 571
30 578
30 586
30 599
30 623
30 625
30 640
30 645
30 649
30 651
30 654
30 661
30 662
30 670
30 676
30 679
30 688
30 695
30 703
30 706
30 724
30 728
30 740
30 745
30 758
30 791
30 794
30 795
31 38
31 53
31 61
31 86
31 87
31 89
31 92
31 115
31 126
31 129
31 137
31 141
31 146
31 151
31 153
31 159
31 174
31 209
31 213
31 227
31 228
31 257
31 265
31 287
31 290
31 293
31 299
31 300
31 327
31 344
31 348
31 365
31 378
31 384
31 418
31 428
31 435
31 437
31 443
31 444
31 449
31 470
31 495
31 500
31 501
31 511
31 516
31 525
31 545
31 550
31 551
31 554
31 557
31 583
31 591
31 605
31 625
31 645
31 650
31 656
31 685
31 694
31 696
31 705
31 751
31 759
31 775
31 785
31 786
32 37
32 53
32 55
32 63
32 70
32 79
32 101
32 110
32 121
32 127
32 143
32 144
32 158
32 172
32 175
32 194
32 209
32 220
32 228
32 231
32 255
32 266
32 271
32 289
32 336
32 406
32 411
32 415
32 430
32 433
32 437
32 446
32 459
32 461
32 465
32 483
32 488
32 504
32 516
32 518
32 519
32 522
32 530
32 542
32 552
32 558
32 562
32 576
32 592
32 595
32 609
32 612
32 630
32 632
32 634
32 641
32 643
32 656
32 678
32 689
32 700
32 724
32 726
32 746
32 771
32 781
32 795
33 57
33 60
33 63
33 68
33 72
33 88
33 97
33 106
33 109
33 118
33 138
33 139
33 159
33 184
33 185
33 200
33 223
33 253
33 260
33 277
33 289
33 299
33 306
33 317
33 329
33 395
33 418
33 420
33 430
33 447
33 465
33 469
33 476
33 478
33 505
33 506
33 507
33 555
33 594
33 621
33 624
33 657
33 662
33 673
33 685
33 698
33 721
33 722
33 736
33 742
33 752
33 766
33 776
34 35
34 46
34 47
34 64
34 72
34 79
34 80
34 111
34 113
34 125
34 140
34 157
34 161
34 169
34 191
34 206
34 247
34 263
34 267
34 268
34 272
34 281
34 289
34 293
34 301
34 304
34 327
34 331
34 333
34 334
34 336
34 338
34 360
34 372
34 376
34 392
34 404
34 407
34 445
34 509
34 536
34 538
34 539
34 566
34 594
34 597
34 607
34 613
34 634
34 648
34 654
34 662
34 666
34 679
34 699
34 710
34 713
34 717
34 727
34 749
34 754
34 767
34 774
34 780
34 794
35 52
35 54
35 63
35 69
35 76
35 110
35 112
35 120
35 125
35 129
35 135
35 137
35 145
35 157
35 162
35 163
35 179
35 196
35 206
35 223
35 245
35 269
35 275
35 279
35 281
35 283
35 285
35 288
35 289
35 304
35 307
35 315
35 317
35 320
35 322
35 332
35 343
35 362
35 406
35 424
35 426
35 443
35 453
35 473
35 477
35 489
35 514
35 529
35 548
35 562
35 572
35 578
35 593
35 594
35 627
35 631
35 664
35 676
35 681
35 684
35 692
35 696
35 711
35 719
35 725
35 735
35 758
35 759
35 762
35 769
35 787
36 42
36 69
36 71
36 79
36 107
36 137
36 160
36 163
36 199
36 206
36 207
36 217
36 219
36 220
36 237
36 240
36 253
36 263
36 279
36 282
36 287
36 289
36 297
36 317
36 319
36 324
36 348
36 372
36 398
36 403
36 465
36 474
36 485
36 494
36 507
36 510
36 516
36 587
36 590
36 613
36 621
36 642
36 649
36 651
36 663
36 685
36 701
36 704
36 706
36 715
36 717
36 725
36 774
36 777
36 799
37 45
37 47
37 67
37 73
37 88
37 104
37 106
37 110
37 115
37 116
37 117
37 132
37 137
37 143
37 174
37 192
37 195
37 211
37 219
37 229
37 233
37 246
37 249
37 273
37 276
37 299
37 314
37 315
37 319
37 334
37 343
37 346
37 357
37 369
37 373
37 386
37 388
37 408
37 410
37 424
37 429
37 430
37 441
37 449
37 454
37 455
37 470
37 473
37 482
37 484
37 488
37 544
37 547
37 553
37 571
37 577
37 600
37 615
37 627
37 633
37 647
37 657
37 670
37 702
37 723
37 759
37 761
37 772
38 39
38 61
38 86
38 90
38 94
38 109
38 114
38 128
38 138
38 140
38 154
38 163
38 165
38 183
38 194
38 195
38 204
38 215
38 242
38 244
38 252
38 261
38 266
38 267
38 288
38 296
38 300
38 328
38 329
38 332
38 333
38 343
38 396
38 419
38 421
38 455
38 462
38 469
38 474
38 475
38 476
38 488
38 505
38 520
38 540
38 559
38 592
38 598
38 600
38 605
38 615
38 619
38 653
38 655
38 677
38 709
38 719
38 754
38 766
38 780
38 781
38 785
38 786
39 43
39 48
39 60
39 65
39 81
39 85
39 88
39 92
39 103
39 128
39 132
39 158
39 169
39 173
39 174
39 191
39 192
39 198
39 200
39 201
39 212
39 218
39 221
39 233
39 241
39 251
39 252
39 287
39 318
39 319
39 321
39 326
39 335
39 351
39 372
39 375
39 377
39 383
39 386
39 411
39 417
39 428
39 452
39 462
39 470
39 477
39 512
39 513
39 514
39 532
39 562
39 568
39 576
39 586
39 590
39 593
39 594
39 639
39 647
39 665
39 680
39 686
39 688
39 713
39 726
39 729
39 738
39 746
39 752
39 792
40 41
40 53
40 59
40 62
40 64
40 86
40 100
40 125
40 135
40 149
40 177
40 182
40 183
40 196
40 205
40 209
40 222
40 223
40 226
40 229
40 242
40 246
40 260
40 277
40 278
40 279
40 292
40 316
40 322
40 337
40 338
40 351
40 364
40 367
40 373
40 387
40 388
40 391
40 403
40 411
40 413
40 429
40 431
40 468
40 497
40 514
40 539
40 563
40 602
40 612
40 626
40 641
40 643
40 669
40 683
40 687
40 700
40 740
40 757
40 759
40 763
40 765
40 791
40 799
41 47
41 65
41 66
41 84
41 96
41 103
41 105
41 110
41 112
41 113
41 123
41 137
41 169
41 179
41 188
41 205
41 210
41 220
41 242
41 258
41 263
41 264
41 266
41 269
41 270
41 276
41 309
41 320
41 327
41 331
41 356
41 381
41 410
41 421
41 435
41 441
41 442
41 477
41 500
41 502
41 510
41 527
41 590
41 614
41 620
41 627
41 631
41 641
41 674
41 688
41 691
41 742
41 760
41 762
41 764
41 765
41 791
42 46
42 57
42 71
42 73
42 89
42 113
42 154
42 156
42 177
42 184
42 187
42 198
42 199
42 217
42 218
42 219
42 232
42 247
42 254
42 272
42 297
42 326
42 329
42 334
42 348
42 361
42 379
42 409
42 417
42 435
42 439
42 470
42 481
42 483
42 510
42 522
42 536
42 538
42 545
42 548
42 560
42 569
42 577
42 591
42 592
42 597
42 611
42 614
42 636
42 637
42 642
42 647
42 685
42 694
42 710
42 719
42 736
42 737
42 743
42 767
42 779
42 792
43 57
43 73
43 91
43 115
43 132
43 144
43 151
43 153
43 155
43 166
43 200
43 211
43 213
43 214
43 220
43 229
43 244
43 248
43 279
43 293
43 307
43 316
43 348
43 349
43 351
43 357
43 367
43 406
43 407
43 436
43 439
43 444
43 448
43 452
43 459
43 464
43 484
43 492
43 495
43 502
43 504
43 509
43 510
43 515
43 521
43 526
43 527
43 552
43 576
43 622
43 627
43 628
43 669
43 670
43 699
43 714
43 721
43 735
43 741
43 757
43 764
43 766
43 785
43 792
43 793
43 798
44 76
44 79
44 83
44 98
44 135
44 163
44 179
44 188
44 240
44 278
44 279
44 289
44 295
44 306
44 340
44 348
44 351
44 353
44 356
44 364
44 386
44 391
44 441
44 465
44 466
44 486
44 490
44 492
44 503
44 509
44 517
44 526
44 529
44 548
44 572
44 574
44 583
44 597
44 611
44 626
44 634
44 637
44 639
44 652
44 654
44 661
44 674
44 687
44 697
44 701
44 731
44 744
44 749
44 752
44 764
44 766
44 767
44 770
44 772
44 773
44 777
44 778
44 788
45 53
45 57
45 66
45 116
45 125
45 131
45 132
45 136
45 161
45 177
45 197
45 221
45 235
45 249
45 261
45 302
45 310
45 338
45 341
45 346
45 380
45 381
45 382
45 393
45 403
45 423
45 433
45 444
45 448
45 468
45 469
45 477
45 481
45 495
45 510
45 519
45 531
45 546
45 552
45 567
45 568
45 580
45 598
45 631
45 660
45 673
45 705
45 707
45 714
45 721
45 724
45 729
45 733
45 735
45 768
45 772
46 98
46 104
46 144
46 187
46 188
46 204
46 222
46 227
46 247
46 277
46 285
46 305
46 311
46 323
46 337
46 339
46 347
46 364
46 380
46 393
46 420
46 422
46 427
46 432
46 434
46 440
46 442
46 449
46 450
46 466
46 473
46 493
46 502
46 508
46 515
46 521
46 537
46 553
46 571
46 572
46 587
46 614
46 615
46 631
46 642
46 663
46 679
46 691
46 731
46 735
46 740
46 769
46 780
47 57
47 73
47 87
47 116
47 128
47 129
47 136
47 147
47 164
47 188
47 191
47 193
47 200
47 205
47 219
47 233
47 237
47 250
47 270
47 274
47 311
47 329
47 331
47 345
47 355
47 367
47 410
47 459
47 482
47 492
47 505
47 530
47 531
47 532
47 548
47 552
47 574
47 577
47 580
47 586
47 603
47 622
47 626
47 642
47 650
47 653
47 664
47 665
47 666
47 680
47 728
47 729
47 741
47 760
47 782
47 799
48 61
48 69
48 82
48 96
48 101
48 102
48 110
48 116
48 125
48 152
48 166
48 198
48 203
48 212
48 227
48 229
48 255
48 265
48 271
48 292
48 294
48 320
48 351
48 385
48 387
48 401
48 403
48 405
48 422
48 440
48 446
48 451
48 456
48 470
48 494
48 509
48 517
48 524
48 525
48 543
48 546
48 564
48 572
48 593
48 597
48 613
48 615
48 616
48 627
48 648
48 650
48 662
48 680
48 684
48 702
48 711
48 716
48 725
48 741
48 748
48 775
48 791
48 796
49 58
49 114
49 116
49 121
49 127
49 142
49 160
49 162
49 165
49 180
49 190
49 192
49 207
49 227
49 240
49 249
49 273
49 283
49 298
49 308
49 321
49 335
49 379
49 381
49 386
49 392
49 434
49 461
49 462
49 463
49 465
49 474
49 482
49 515
49 524
49 525
49 563
49 566
49 609
49 611
49 623
49 630
49 634
49 648
49 650
49 660
49 666
49 743
49 757
49 768
49 769
49 795
49 796
49 800
50 61
50 78
50 82
50 84
50 100
50 102
50 105
50 114
50 121
50 128
50 185
50 207
50 218
50 222
50 223
50 225
50 280
50 281
50 293
50 296
50 314
50 338
50 380
50 407
50 412
50 451
50 491
50 509
50 512
50 520
50 547
50 573
50 577
50 580
50 597
50 599
50 601
50 612
50 619
50 622
50 626
50 629
50 630
50 635
50 643
50 652
50 688
50 690
50 699
50 700
50 713
50 722
50 731
50 754
50 755
50 763
50 795
51 62
51 64
51 68
51 70
51 72
51 73
51 86
51 96
51 99
51 102
51 116
51 125
51 135
51 159
51 194
51 200
51 212
51 219
51 259
51 264
51 271
51 272
51 281
51 286
51 299
51 305
51 334
51 337
51 355
51 358
51 375
51 392
51 398
51 441
51 452
51 458
51 459
51 467
51 483
51 516
51 538
51 556
51 563
51 599
51 600
51 630
51 674
51 677
51 679
51 686
51 700
51 724
51 725
51 742
51 755
51 762
51 769
51 786
52 54
52 68
52 71
52 99
52 117
52 171
52 215
52 266
52 268
52 279
52 301
52 304
52 307
52 320
52 332
52 338
52 348
52 350
52 351
52 371
52 377
52 383
52 387
52 397
52 410
52 418
52 424
52 441
52 446
52 449
52 456
52 459
52 465
52 468
52 471
52 480
52 485
52 507
52 516
52 518
52 521
52 522
52 525
52 531
52 533
52 546
52 556
52 557
52 561
52 582
52 603
52 610
52 628
52 640
52 660
52 676
52 693
52 703
52 712
52 721
52 753
52 762
52 766
52 775
52 780
53 63
53 72
53 101
53 152
53 160
53 168
53 180
53 211
53 228
53 259
53 260
53 276
53 280
53 298
53 308
53 318
53 328
53 347
53 351
53 355
53 362
53 363
53 380
53 399
53 408
53 423
53 464
53 504
53 505
53 507
53 517
53 529
53 542
53 548
53 552
53 568
53 582
53 586
53 613
53 620
53 645
53 646
53 659
53 666
53 685
53 705
53 723
53 774
53 778
53 779
54 66
54 70
54 72
54 85
54 99
54 131
54 161
54 162
54 168
54 170
54 227
54 231
54 241
54 258
54 263
54 272
54 274
54 293
54 303
54 319
54 334
54 342
54 343
54 394
54 404
54 407
54 408
54 422
54 428
54 438
54 467
54 494
54 506
54 514
54 518
54 520
54 528
54 546
54 562
54 563
54 566
54 571
54 575
54 620
54 622
54 637
54 648
54 656
54 664
54 679
54 732
54 745
54 757
54 768
54 773
54 777
54 779
55 56
55 67
55 76
55 78
55 84
55 91
55 105
55 112
55 125
55 127
55 151
55 182
55 189
55 192
55 197
55 203
55 205
55 215
55 219
55 223
55 227
55 232
55 251
55 265
55 283
55 327
55 330
55 343
55 362
55 364
55 408
55 409
55 413
55 419
55 426
55 472
55 476
55 493
55 505
55 518
55 538
55 539
55 550
55 574
55 587
55 635
55 640
55 667
55 676
55 679
55 697
55 706
55 729
55 736
55 744
55 753
55 759
55 770
55 778
55 783
55 787
55 792
55 793
55 794
55 795
56 87
56 90
56 95
56 115
56 149
56 151
56 173
56 178
56 185
56 194
56 202
56 218
56 220
56 280
56 282
56 286
56 291
56 294
56 301
56 303
56 333
56 341
56 354
56 361
56 382
56 401
56 423
56 433
56 489
56 497
56 510
56 520
56 524
56 551
56 571
56 572
56 578
56 580
56 608
56 628
56 630
56 635
56 653
56 660
56 662
56 665
56 682
56 686
56 697
56 707
56 718
56 730
56 737
56 739
56 767
56 779
56 784
56 787
56 794
56 797
57 80
57 87
57 94
57 100
57 110
57 130
57 131
57 134
57 145
57 149
57 151
57 153
57 155
57 165
57 172
57 190
57 199
57 200
57 226
57 229
57 233
57 258
57 268
57 269
57 284
57 293
57 297
57 305
57 310
57 314
57 316
57 318
57 340
57 396
57 406
57 412
57 440
57 446
57 451
57 468
57 486
57 524
57 530
57 576
57 578
57 579
57 602
57 627
57 654
57 669
57 698
57 712
57 728
57 744
57 746
57 766
57 791
57 792
58 77
58 91
58 108
58 114
58 135
58 159
58 205
58 215
58 231
58 240
58 253
58 265
58 269
58 271
58 285
58 296
58 314
58 316
58 324
58 349
58 357
58 361
58 367
58 391
58 401
58 426
58 430
58 434
58 439
58 447
58 479
58 484
58 502
58 507
58 519
58 535
58 545
58 550
58 563
58 576
58 578
58 595
58 601
58 618
58 619
58 640
58 649
58 660
58 679
58 697
58 738
58 743
58 748
58 779
58 797
59 106
59 116
59 122
59 154
59 156
59 162
59 181
59 195
59 198
59 208
59 216
59 225
59 249
59 256
59 260
59 268
59 283
59 322
59 382
59 395
59 397
59 402
59 419
59 434
59 443
59 468
59 471
59 483
59 493
59 494
59 498
59 501
59 519
59 526
59 540
59 543
59 550
59 567
59 584
59 606
59 621
59 622
59 623
59 627
59 647
59 651
59 694
59 745
59 777
59 785
59 800
60 74
60 110
60 135
60 173
60 208
60 227
60 233
60 238
60 246
60 252
60 260
60 307
60 318
60 320
60 327
60 335
60 341
60 356
60 370
60 373
60 416
60 431
60 432
60 435
60 439
60 452
60 487
60 504
60 566
60 602
60 619
60 623
60 633
60 666
60 672
60 680
60 681
60 687
60 689
60 693
60 697
60 735
60 761
60 787
60 788
60 800
61 71
61 78
61 84
61 100
61 106
61 130
61 141
61 167
61 173
61 191
61 198
61 200
61 206
61 219
61 222
61 225
61 227
61 260
61 269
61 288
61 292
61 305
61 325
61 329
61 338
61 358
61 366
61 371
61 375
61 382
61 394
61 424
61 430
61 439
61 456
61 461
61 484
61 511
61 514
61 515
61 542
61 550
61 557
61 559
61 561
61 570
61 579
61 581
61 587
61 600
61 671
61 676
61 682
61 696
61 699
61 703
61 704
61 707
61 721
61 771
61 773
61 777
61 788
61 793
61 796
62 104
62 105
62 111
62 118
62 121
62 129
62 130
62 165
62 182
62 207
62 208
62 211
62 219
62 239
62 254
62 266
62 282
62 283
62 305
62 329
62 341
62 346
62 362
62 365
62 376
62 398
62 418
62 427
62 437
62 441
62 463
62 466
62 471
62 487
62 500
62 505
62 520
62 548
62 595
62 603
62 622
62 631
62 633
62 642
62 655
62 663
62 683
62 685
62 689
62 715
62 725
62 730
62 761
62 769
62 779
62 789
63 70
63 88
63 92
63 127
63 133
63 139
63 153
63 158
63 167
63 171
63 218
63 240
63 247
63 250
63 257
63 262
63 267
63 272
63 275
63 277
63 303
63 309
63 311
63 315
63 323
63 350
63 357
63 371
63 383
63 400
63 403
63 416
63 417
63 419
63 424
63 444
63 445
63 451
63 472
63 475
63 480
63 484
63 486
63 488
63 490
63 495
63 503
63 511
63 548
63 549
63 553
63 559
63 574
63 583
63 600
63 607
63 610
63 611
63 615
63 620
63 669
63 682
63 688
63 693
63 697
63 706
63 718
63 728
63 736
63 739
63 742
63 783
63 788
63 800
64 77
64 78
64 80
64 109
64 119
64 139
64 142
64 143
64 182
64 192
64 195
64 227
64 250
64 251
64 264
64 284
64 301
64 326
64 339
64 351
64 389
64 400
64 407
64 411
64 415
64 424
64 425
64 433
64 438
64 439
64 453
64 456
64 459
64 464
64 465
64 472
64 476
64 482
64 536
64 539
64 547
64 552
64 553
64 573
64 576
64 597
64 598
64 614
64 643
64 647
64 655
64 663
64 672
64 713
64 715
64 729
64 733
64 748
64 761
64 762
64 768
64 780
64 781
64 793
64 798
65 93
65 94
65 122
65 125
65 160
65 162
65 187
65 191
65 213
65 220
65 224
65 234
65 237
65 239
65 251
65 258
65 284
65 291
65 327
65 363
65 371
65 385
65 388
65 398
65 406
65 409
65 436
65 437
65 466
65 479
65 485
65 501
65 507
65 508
65 531
65 536
65 546
65 560
65 581
65 595
65 600
65 606
65 613
65 618
65 636
65 637
65 646
65 651
65 657
65 666
65 676
65 682
65 691
65 751
65 755
65 773
65 778
65 787
65 789
66 102
66 109
66 110
66 130
66 137
66 139
66 152
66 153
66 159
66 197
66 202
66 210
66 220
66 236
66 240
66 255
66 266
66 284
66 306
66 308
66 328
66 342
66 349
66 358
66 359
66 382
66 383
66 409
66 412
66 415
66 417
66 421
66 429
66 438
66 439
66 467
66 478
66 485
66 513
66 522
66 538
66 554
66 555
66 556
66 589
66 595
66 643
66 660
66 689
66 694
66 714
66 731
66 754
66 769
66 774
66 795
66 800
67 121
67 122
67 127
67 142
67 143
67 170
67 181
67 184
67 192
67 219
67 222
67 223
67 240
67 252
67 263
67 284
67 327
67 331
67 348
67 351
67 355
67 374
67 378
67 379
67 386
67 390
67 397
67 400
67 401
67 417
67 420
67 424
67 426
67 427
67 444
67 471
67 478
67 485
67 488
67 507
67 515
67 552
67 554
67 563
67 575
67 576
67 588
67 600
67 630
67 631
67 633
67 637
67 650
67 664
67 681
67 684
67 687
67 692
67 702
67 704
67 708
67 711
67 743
67 750
67 753
67 770
67 773
67 779
67 784
68 74
68 77
68 79
68 107
68 113
68 114
68 121
68 133
68 145
68 170
68 189
68 206
68 223
68 226
68 229
68 245
68 246
68 252
68 260
68 272
68 283
68 287
68 315
68 317
68 361
68 364
68 369
68 371
68 401
68 447
68 457
68 467
68 469
68 502
68 505
68 506
68 521
68 531
68 539
68 574
68 586
68 587
68 597
68 612
68 619
68 623
68 669
68 672
68 681
68 693
68 699
68 705
68 706
68 709
68 719
68 724
68 735
68 740
68 741
68 743
68 751
68 757
68 759
68 760
68 770
68 784
68 789
68 794
68 797
69 91
69 98
69 106
69 120
69 122
69 124
69 125
69 141
69 163
69 195
69 204
69 215
69 228
69 240
69 241
69 246
69 249
69 250
69 251
69 257
69 269
69 288
69 302
69 318
69 340
69 344
69 376
69 400
69 410
69 411
69 413
69 429
69 431
69 450
69 480
69 495
69 504
69 513
69 518
69 521
69 530
69 579
69 606
69 643
69 649
69 650
69 656
69 662
69 671
69 695
69 732
69 760
69 792
70 78
70 101
70 102
70 124
70 128
70 150
70 151
70 161
70 196
70 217
70 220
70 227
70 238
70 248
70 271
70 272
70 279
70 284
70 292
70 297
70 308
70 347
70 390
70 403
70 433
70 437
70 444
70 483
70 491
70 531
70 535
70 541
70 544
70 545
70 550
70 575
70 579
70 584
70 587
70 619
70 644
70 655
70 657
70 661
70 667
70 674
70 677
70 701
70 728
70 774
70 782
70 790
70 794
70 796
71 98
71 115
71 121
71 125
71 132
71 133
71 146
71 162
71 169
71 178
71 180
71 188
71 192
71 199
71 200
71 201
71 223
71 232
71 239
71 253
71 276
71 280
71 282
71 319
71 334
71 353
71 362
71 369
71 382
71 395
71 400
71 402
71 417
71 441
71 457
71 469
71 474
71 485
71 494
71 514
71 526
71 536
71 538
71 540
71 553
71 569
71 578
71 596
71 612
71 644
71 650
71 654
71 686
71 688
71 732
71 746
71 751
71 758
71 798
72 107
72 109
72 115
72 141
72 142
72 144
72 146
72 147
72 148
72 160
72 190
72 192
72 201
72 217
72 221
72 226
72 257
72 262
72 277
72 304
72 306
72 350
72 364
72 368
72 381
72 389
72 394
72 416
72 426
72 428
72 434
72 444
72 448
72 458
72 459
72 469
72 473
72 477
72 493
72 519
72 520
72 559
72 568
72 572
72 580
72 598
72 620
72 635
72 670
72 678
72 680
72 681
72 708
72 715
72 727
72 731
72 755
72 765
72 793
72 794
72 800
73 75
73 79
73 119
73 130
73 192
73 197
73 242
73 253
73 264
73 281
73 295
73 310
73 326
73 344
73 357
73 363
73 380
73 381
73 389
73 398
73 406
73 408
73 409
73 435
73 457
73 491
73 510
73 520
73 522
73 531
73 559
73 562
73 567
73 573
73 576
73 585
73 596
73 604
73 606
73 609
73 613
73 618
73 630
73 646
73 664
73 672
73 685
73 695
73 697
73 712
73 719
73 745
73 754
73 757
73 759
73 760
73 785
74 76
74 107
74 125
74 127
74 128
74 160
74 170
74 176
74 188
74 190
74 195
74 197
74 208
74 215
74 222
74 225
74 238
74 241
74 251
74 254
74 282
74 287
74 305
74 385
74 417
74 419
74 421
74 431
74 447
74 458
74 475
74 477
74 523
74 537
74 539
74 540
74 551
74 567
74 575
74 587
74 590
74 591
74 607
74 617
74 619
74 621
74 641
74 661
74 664
74 708
74 710
74 718
74 730
74 735
74 742
74 771
75 83
75 110
75 113
75 139
75 163
75 165
75 178
75 194
75 200
75 210
75 212
75 217
75 220
75 241
75 242
75 280
75 284
75 299
75 321
75 323
75 330
75 337
75 345
75 383
75 407
75 424
75 449
75 454
75 467
75 470
75 488
75 490
75 491
75 501
75 516
75 521
75 538
75 559
75 577
75 584
75 588
75 596
75 605
75 633
75 644
75 650
75 679
75 693
75 705
75 709
75 716
75 718
75 719
75 740
75 751
75 752
75 772
75 774
75 784
76 96
76 112
76 115
76 133
76 139
76 154
76 177
76 181
76 206
76 207
76 210
76 212
76 214
76 232
76 256
76 257
76 258
76 308
76 310
76 342
76 344
76 356
76 363
76 373
76 376
76 395
76 443
76 454
76 473
76 499
76 505
76 522
76 539
76 540
76 552
76 586
76 603
76 613
76 616
76 628
76 637
76 640
76 648
76 660
76 665
76 682
76 710
76 721
76 724
76 726
76 735
77 83
77 107
77 146
77 156
77 181
77 188
77 199
77 205
77 236
77 240
77 241
77 250
77 252
77 283
77 284
77 289
77 311
77 328
77 345
77 363
77 371
77 372
77 376
77 381
77 402
77 406
77 416
77 424
77 426
77 435
77 444
77 451
77 465
77 472
77 498
77 500
77 518
77 535
77 544
77 554
77 559
77 569
77 598
77 629
77 634
77 673
77 682
77 683
77 700
77 714
77 719
77 731
77 748
77 753
77 756
77 771
78 151
78 161
78 162
78 165
78 175
78 183
78 205
78 216
78 242
78 253
78 259
78 262
78 290
78 302
78 309
78 316
78 337
78 342
78 349
78 358
78 386
78 387
78 392
78 424
78 469
78 489
78 493
78 494
78 522
78 526
78 555
78 558
78 560
78 576
78 583
78 605
78 618
78 664
78 684
78 694
78 700
78 718
78 736
78 751
78 768
78 782
78 793
79 83
79 88
79 100
79 113
79 118
79 121
79 129
79 135
79 167
79 184
79 186
79 188
79 216
79 221
79 222
79 251
79 261
79 289
79 335
79 384
79 392
79 393
79 400
79 407
79 468
79 470
79 473
79 474
79 484
79 497
79 508
79 527
79 540
79 559
79 571
79 577
79 584
79 588
79 605
79 622
79 628
79 640
79 645
79 650
79 651
79 652
79 659
79 712
79 730
79 731
79 737
79 783
79 800
80 91
80 117
80 128
80 137
80 144
80 148
80 149
80 156
80 163
80 174
80 175
80 178
80 200
80 204
80 205
80 219
80 233
80 235
80 241
80 270
80 293
80 315
80 328
80 341
80 364
80 366
80 380
80 412
80 436
80 448
80 480
80 484
80 497
80 515
80 520
80 547
80 549
80 558
80 581
80 589
80 607
80 611
80 615
80 622
80 648
80 664
80 692
80 708
80 709
80 716
80 722
80 726
80 731
80 737
81 97
81 99
81 133
81 151
81 160
81 191
81 194
81 196
81 197
81 207
81 225
81 231
81 233
81 276
81 291
81 298
81 302
81 304
81 353
81 354
81 358
81 363
81 367
81 400
81 417
81 422
81 428
81 429
81 455
81 466
81 475
81 487
81 530
81 564
81 571
81 575
81 577
81 582
81 589
81 594
81 598
81 602
81 646
81 672
81 673
81 700
81 729
81 734
81 759
81 764
81 771
81 772
81 775
82 95
82 105
82 151
82 162
82 175
82 177
82 188
82 195
82 207
82 258
82 267
82 318
82 325
82 338
82 347
82 352
82 357
82 370
82 383
82 435
82 442
82 474
82 514
82 518
82 521
82 529
82 563
82 568
82 596
82 611
82 633
82 637
82 649
82 678
82 686
82 691
82 698
82 704
82 714
82 739
82 743
82 744
82 779
82 785
82 791
82 800
83 85
83 90
83 111
83 150
83 185
83 201
83 203
83 214
83 234
83 238
83 245
83 270
83 274
83 295
83 303
83 323
83 325
83 348
83 363
83 371
83 376
83 378
83 380
83 384
83 390
83 396
83 428
83 430
83 458
83 460
83 501
83 505
83 548
83 572
83 585
83 595
83 611
83 613
83 618
83 658
83 661
83 662
83 678
83 690
83 691
83 697
83 729
83 753
83 784
83 799
83 800
84 94
84 96
84 100
84 101
84 107
84 136
84 142
84 156
84 174
84 178
84 204
84 211
84 223
84 239
84 244
84 274
84 279
84 282
84 301
84 305
84 310
84 312
84 325
84 332
84 334
84 346
84 347
84 360
84 365
84 402
84 408
84 409
84 410
84 415
84 436
84 440
84 444
84 447
84 474
84 477
84 480
84 483
84 484
84 489
84 506
84 517
84 530
84 547
84 551
84 553
84 556
84 559
84 564
84 595
84 604
84 617
84 645
84 649
84 660
84 668
84 721
84 729
84 740
84 764
84 771
84 777
84 786
85 95
85 97
85 101
85 107
85 122
85 131
85 136
85 143
85 181
85 204
85 206
85 224
85 229
85 244
85 249
85 263
85 265
85 279
85 281
85 289
85 301
85 307
85 310
85 316
85 343
85 375
85 376
85 378
85 380
85 391
85 422
85 425
85 437
85 438
85 441
85 475
85 515
85 537
85 542
85 543
85 589
85 596
85 601
85 645
85 657
85 662
85 669
85 688
85 693
85 694
85 702
85 704
85 727
85 728
85 740
85 741
85 760
85 764
85 774
86 96
86 110
86 119
86 126
86 127
86 132
86 136
86 148
86 164
86 166
86 170
86 194
86 207
86 209
86 215
86 221
86 227
86 232
86 243
86 254
86 305
86 328
86 350
86 363
86 377
86 378
86 380
86 387
86 402
86 416
86 426
86 486
86 516
86 524
86 539
86 566
86 608
86 610
86 630
86 637
86 651
86 676
86 687
86 696
86 710
86 725
86 738
86 748
86 759
86 761
86 764
86 769
86 781
86 800
87 90
87 99
87 132
87 150
87 161
87 173
87 174
87 192
87 193
87 200
87 203
87 215
87 222
87 224
87 243
87 244
87 248
87 252
87 261
87 276
87 281
87 286
87 292
87 307
87 308
87 310
87 344
87 360
87 385
87 389
87 390
87 396
87 412
87 416
87 422
87 436
87 442
87 471
87 475
87 478
87 479
87 518
87 538
87 544
87 550
87 563
87 591
87 599
87 600
87 613
87 614
87 623
87 628
87 630
87 632
87 634
87 647
87 651
87 668
87 670
87 671
87 677
87 715
87 735
87 738
87 749
87 750
87 791
87 797
88 90
88 98
88 100
88 120
88 131
88 141
88 146
88 177
88 194
88 197
88 204
88 223
88 230
88 253
88 263
88 267
88 271
88 278
88 283
88 298
88 321
88 326
88 350
88 353
88 367
88 374
88 389
88 409
88 410
88 411
88 426
88 433
88 444
88 449
88 469
88 471
88 474
88 495
88 502
88 504
88 518
88 529
88 564
88 586
88 597
88 609
88 621
88 623
88 643
88 660
88 662
88 671
88 684
88 690
88 699
88 710
88 720
88 779
88 799
89 131
89 141
89 156
89 170
89 184
89 189
89 190
89 214
89 235
89 242
89 251
89 274
89 275
89 279
89 295
89 303
89 310
89 323
89 328
89 336
89 351
89 352
89 390
89 419
89 422
89 438
89 441
89 443
89 456
89 466
89 489
89 505
89 510
89 520
89 561
89 568
89 588
89 597
89 602
89 603
89 611
89 622
89 645
89 648
89 670
89 677
89 699
89 710
89 749
89 769
89 775
89 777
89 784
89 785
90 97
90 107
90 124
90 135
90 168
90 171
90 174
90 179
90 189
90 191
90 222
90 233
90 247
90 259
90 263
90 268
90 271
90 273
90 279
90 301
90 343
90 348
90 363
90 372
90 390
90 409
90 429
90 436
90 466
90 476
90 485
90 486
90 504
90 507
90 519
90 526
90 533
90 553
90 558
90 564
90 568
90 580
90 581
90 583
90 596
90 600
90 613
90 615
90 638
90 649
90 661
90 664
90 668
90 686
90 709
90 732
90 772
90 784
90 788
90 797
90 799
91 107
91 122
91 123
91 158
91 180
91 190
91 204
91 214
91 227
91 268
91 269
91 291
91 296
91 297
91 298
91 322
91 336
91 347
91 351
91 359
91 368
91 395
91 418
91 430
91 432
91 439
91 448
91 457
91 466
91 469
91 511
91 543
91 544
91 574
91 602
91 614
91 618
91 668
91 670
91 697
91 698
91 724
91 752
91 758
91 762
91 780
91 781
92 104
92 114
92 130
92 134
92 187
92 188
92 204
92 208
92 228
92 306
92 313
92 357
92 358
92 374
92 376
92 387
92 388
92 391
92 394
92 399
92 409
92 412
92 413
92 423
92 435
92 465
92 493
92 500
92 517
92 534
92 537
92 544
92 545
92 548
92 564
92 582
92 595
92 606
92 609
92 623
92 626
92 627
92 632
92 648
92 660
92 669
92 673
92 695
92 699
92 704
92 713
92 722
92 742
92 752
92 756
92 764
92 765
92 767
92 770
93 97
93 120
93 142
93 152
93 157
93 165
93 180
93 182
93 193
93 201
93 205
93 209
93 215
93 221
93 222
93 228
93 250
93 253
93 265
93 268
93 282
93 284
93 288
93 319
93 321
93 342
93 363
93 365
93 366
93 368
93 374
93 385
93 404
93 407
93 408
93 412
93 413
93 425
93 439
93 471
93 502
93 518
93 546
93 559
93 567
93 572
93 600
93 603
93 610
93 614
93 618
93 623
93 669
93 671
93 700
93 726
93 731
93 734
93 744
93 761
94 128
94 130
94 150
94 152
94 161
94 173
94 188
94 190
94 214
94 216
94 217
94 225
94 241
94 263
94 274
94 279
94 307
94 312
94 327
94 332
94 338
94 339
94 393
94 431
94 454
94 461
94 476
94 481
94 520
94 528
94 532
94 542
94 547
94 548
94 550
94 552
94 559
94 594
94 611
94 616
94 648
94 656
94 659
94 691
94 699
94 708
94 728
94 750
94 753
94 765
94 778
94 786
95 123
95 128
95 137
95 156
95 167
95 173
95 174
95 195
95 211
95 213
95 224
95 231
95 245
95 262
95 266
95 267
95 280
95 298
95 308
95 340
95 348
95 353
95 357
95 361
95 372
95 377
95 382
95 385
95 386
95 388
95 448
95 450
95 461
95 462
95 464
95 467
95 485
95 532
95 538
95 540
95 554
95 555
95 562
95 565
95 566
95 581
95 589
95 591
95 610
95 656
95 660
95 663
95 690
95 718
95 719
95 779
95 781
95 786
95 799
96 101
96 112
96 127
96 134
96 152
96 158
96 163
96 178
96 199
96 218
96 219
96 233
96 238
96 256
96 257
96 259
96 269
96 276
96 281
96 298
96 302
96 313
96 323
96 337
96 357
96 363
96 385
96 387
96 389
96 395
96 413
96 417
96 418
96 419
96 428
96 439
96 462
96 486
96 540
96 563
96 565
96 578
96 580
96 583
96 589
96 591
96 597
96 623
96 627
96 679
96 680
96 685
96 686
96 703
96 717
96 736
96 739
96 742
96 769
96 790
96 796
97 111
97 133
97 141
97 164
97 170
97 193
97 195
97 199
97 216
97 222
97 227
97 228
97 281
97 302
97 308
97 317
97 323
97 360
97 370
97 371
97 376
97 386
97 399
97 400
97 442
97 494
97 497
97 500
97 525
97 528
97 535
97 546
97 584
97 589
97 623
97 633
97 635
97 662
97 663
97 664
97 676
97 685
97 707
97 709
97 724
97 732
97 744
97 765
97 769
97 784
98 106
98 120
98 134
98 135
98 161
98 196
98 197
98 203
98 213
98 220
98 231
98 242
98 288
98 295
98 300
98 303
98 343
98 352
98 355
98 356
98 380
98 385
98 409
98 431
98 442
98 459
98 460
98 470
98 475
98 478
98 484
98 490
98 491
98 497
98 511
98 521
98 526
98 533
98 535
98 539
98 565
98 581
98 583
98 589
98 594
98 598
98 600
98 614
98 615
98 621
98 630
98 633
98 657
98 658
98 680
98 687
98 697
98 701
98 730
98 738
98 752
98 766
98 771
98 792
99 105
99 131
99 136
99 145
99 166
99 200
99 201
99 202
99 206
99 213
99 242
99 243
99 252
99 273
99 310
99 313
99 331
99 336
99 339
99 352
99 389
99 394
99 396
99 414
99 425
99 446
99 467
99 477
99 479
99 486
99 499
99 527
99 534
99 551
99 559
99 570
99 595
99 596
99 632
99 640
99 693
99 713
99 730
99 768
99 779
99 792
99 796
100 109
100 115
100 134
100 135
100 142
100 160
100 206
100 218
100 219
100 283
100 287
100 296
100 302
100 312
100 353
100 370
100 383
100 384
100 385
100 397
100 438
100 448
100 451
100 453
100 469
100 483
100 497
100 500
100 529
100 535
100 542
100 543
100 552
100 559
100 563
100 579
100 591
100 612
100 626
100 632
100 648
100 652
100 657
100 691
100 711
100 715
100 721
100 737
100 760
100 769
100 777
100 794
100 795
100 800
101 107
101 125
101 136
101 145
101 207
101 212
101 228
101 229
101 249
101 254
101 274
101 282
101 289
101 292
101 304
101 318
101 333
101 335
101 338
101 342
101 354
101 367
101 384
101 387
101 428
101 441
101 443
101 482
101 486
101 492
101 501
101 508
101 536
101 538
101 565
101 570
101 643
101 651
101 714
101 739
101 751
101 761
101 775
101 786
101 800
102 112
102 147
102 161
102 162
102 176
102 188
102 212
102 213
102 214
102 223
102 225
102 232
102 242
102 244
102 250
102 254
102 256
102 262
102 265
102 287
102 301
102 305
102 321
102 330
102 331
102 368
102 383
102 393
102 397
102 398
102 400
102 411
102 417
102 423
102 433
102 463
102 495
102 503
102 509
102 513
102 515
102 520
102 522
102 525
102 530
102 536
102 540
102 544
102 570
102 576
102 587
102 628
102 659
102 664
102 680
102 685
102 715
102 737
102 742
102 751
102 771
102 773
102 778
102 780
102 786
103 113
103 125
103 139
103 142
103 143
103 212
103 222
103 239
103 244
103 255
103 259
103 261
103 278
103 293
103 323
103 347
103 349
103 353
103 360
103 377
103 387
103 425
103 433
103 438
103 445
103 485
103 501
103 511
103 512
103 527
103 541
103 549
103 586
103 612
103 625
103 637
103 674
103 676
103 681
103 683
103 701
103 734
103 741
103 746
103 747
103 749
103 776
103 779
103 784
103 794
104 115
104 131
104 146
104 219
104 221
104 226
104 231
104 274
104 276
104 301
104 327
104 336
104 367
104 368
104 388
104 397
104 401
104 403
104 404
104 405
104 411
104 428
104 451
104 452
104 455
104 458
104 463
104 476
104 480
104 511
104 512
104 528
104 542
104 553
104 556
104 585
104 590
104 602
104 656
104 657
104 663
104 694
104 707
104 719
104 739
104 747
104 772
104 776
104 777
104 778
104 797
105 107
105 109
105 111
105 121
105 136
105 146
105 153
105 159
105 160
105 161
105 169
105 208
105 216
105 241
105 243
105 256
105 270
105 292
105 298
105 322
105 355
105 356
105 367
105 387
105 398
105 418
105 419
105 424
105 429
105 462
105 463
105 476
105 484
105 509
105 517
105 527
105 555
105 568
105 586
105 608
105 636
105 667
105 675
105 676
105 688
105 712
105 722
105 723
105 724
105 740
105 746
105 767
105 773
105 785
105 788
105 800
106 121
106 123
106 132
106 133
106 135
106 142
106 152
106 157
106 187
106 194
106 201
106 211
106 221
106 229
106 239
106 245
106 270
106 273
106 295
106 331
106 337
106 361
106 366
106 374
106 377
106 402
106 414
106 417
106 422
106 426
106 432
106 433
106 440
106 451
106 474
106 476
106 507
106 510
106 512
106 518
106 532
106 540
106 557
106 559
106 579
106 584
106 586
106 620
106 624
106 627
106 631
106 646
106 649
106 667
106 675
106 688
106 697
106 740
106 746
106 767
106 772
106 797
107 108
107 132
107 136
107 142
107 144
107 151
107 193
107 194
107 205
107 216
107 219
107 220
107 228
107 230
107 232
107 269
107 273
107 281
107 283
107 295
107 302
107 304
107 333
107 360
107 369
107 409
107 423
107 433
107 439
107 459
107 462
107 467
107 469
107 484
107 501
107 507
107 511
107 518
107 524
107 527
107 542
107 548
107 579
107 584
107 609
107 637
107 640
107 642
107 649
107 665
107 669
107 672
107 687
107 688
107 704
107 715
107 721
107 733
107 744
108 147
108 149
108 155
108 163
108 164
108 193
108 195
108 202
108 209
108 210
108 217
108 230
108 232
108 266
108 270
108 286
108 288
108 298
108 311
108 313
108 323
108 325
108 326
108 332
108 353
108 358
108 363
108 420
108 437
108 451
108 474
108 476
108 477
108 481
108 503
108 515
108 526
108 527
108 549
108 564
108 581
108 600
108 614
108 620
108 626
108 629
108 634
108 644
108 650
108 654
108 679
108 682
108 702
108 716
108 763
108 770
108 782
108 789
108 793
108 796
109 123
109 139
109 141
109 159
109 167
109 173
109 199
109 207
109 209
109 212
109 213
109 220
109 226
109 228
109 231
109 237
109 251
109 270
109 279
109 288
109 299
109 303
109 307
109 309
109 310
109 322
109 325
109 369
109 374
109 380
109 384
109 386
109 397
109 407
109 420
109 434
109 445
109 451
109 457
109 482
109 507
109 518
109 522
109 542
109 545
109 550
109 554
109 569
109 570
109 572
109 622
109 638
109 644
109 645
109 646
109 652
109 674
109 725
109 755
109 767
109 768
109 771
109 776
109 785
109 788
109 793
110 119
110 149
110 153
110 162
110 186
110 211
110 214
110 240
110 242
110 254
110 272
110 315
110 317
110 327
110 333
110 341
110 346
110 348
110 351
110 353
110 366
110 368
110 375
110 381
110 385
110 386
110 393
110 399
110 411
110 452
110 455
110 467
110 479
110 480
110 481
110 493
110 521
110 538
110 539
110 547
110 556
110 589
110 594
110 655
110 663
110 691
110 693
110 697
110 713
110 718
110 731
110 732
110 753
110 754
110 763
110 766
110 778
110 785
110 800
111 124
111 138
111 140
111 206
111 224
111 231
111 233
111 246
111 257
111 261
111 298
111 318
111 324
111 330
111 334
111 361
111 373
111 378
111 383
111 387
111 398
111 400
111 424
111 427
111 451
111 503
111 508
111 534
111 549
111 553
111 560
111 596
111 599
111 615
111 617
111 620
111 664
111 674
111 675
111 688
111 689
111 730
111 739
111 742
111 748
111 759
111 766
111 797
112 123
112 151
112 165
112 188
112 194
112 197
112 227
112 228
112 250
112 270
112 287
112 292
112 323
112 327
112 340
112 350
112 370
112 371
112 374
112 399
112 430
112 456
112 473
112 478
112 479
112 510
112 518
112 525
112 555
112 560
112 564
112 613
112 623
112 646
112 665
112 692
112 702
112 710
112 722
112 731
112 733
112 780
112 783
113 118
113 120
113 129
113 136
113 153
113 158
113 159
113 162
113 164
113 170
113 182
113 209
113 226
113 228
113 237
113 253
113 261
113 262
113 291
113 322
113 324
113 345
113 358
113 365
113 391
113 394
113 397
113 402
113 412
113 415
113 424
113 430
113 442
113 481
113 484
113 491
113 508
113 513
113 529
113 540
113 547
113 556
113 557
113 561
113 571
113 606
113 615
113 617
113 621
113 636
113 638
113 651
113 660
113 670
113 677
113 703
113 781
114 121
114 127
114 147
114 185
114 193
114 206
114 218
114 234
114 243
114 246
114 255
114 257
114 265
114 280
114 296
114 305
114 311
114 314
114 361
114 387
114 390
114 398
114 406
114 417
114 429
114 432
114 457
114 465
114 469
114 485
114 505
114 507
114 516
114 527
114 528
114 544
114 557
114 559
114 565
114 578
114 605
114 609
114 630
114 636
114 644
114 649
114 660
114 665
114 666
114 668
114 706
114 726
114 738
114 748
114 781
114 782
114 785
115 119
115 127
115 130
115 131
115 145
115 149
115 168
115 206
115 209
115 222
115 239
115 243
115 245
115 250
115 259
115 261
115 266
115 276
115 282
115 285
115 299
115 313
115 315
115 317
115 319
115 326
115 335
115 342
115 345
115 361
115 365
115 375
115 383
115 394
115 405
115 410
115 411
115 421
115 436
115 439
115 440
115 447
115 461
115 468
115 492
115 513
115 521
115 535
115 565
115 567
115 577
115 591
115 604
115 606
115 616
115 651
115 670
115 672
115 678
115 695
115 729
115 733
115 748
115 759
115 774
115 775
115 779
115 785
115 788
115 794
116 126
116 127
116 131
116 166
116 188
116 191
116 198
116 216
116 220
116 227
116 231
116 242
116 248
116 255
116 257
116 259
116 264
116 294
116 301
116 306
116 317
116 321
116 334
116 340
116 346
116 355
116 367
116 369
116 378
116 392
116 398
116 403
116 423
116 435
116 446
116 448
116 459
116 461
116 462
116 467
116 477
116 501
116 502
116 506
116 510
116 553
116 570
116 577
116 644
116 645
116 652
116 662
116 689
116 695
116 711
116 721
116 723
116 731
116 732
116 755
116 759
116 761
116 768
116 783
116 798
117 148
117 154
117 163
117 169
117 174
117 175
117 196
117 202
117 226
117 239
117 240
117 261
117 264
117 271
117 280
117 293
117 296
117 302
117 307
117 309
117 316
117 317
117 323
117 327
117 351
117 352
117 365
117 373
117 397
117 410
117 420
117 427
117 430
117 472
117 482
117 491
117 494
117 502
117 530
117 542
117 559
117 570
117 585
117 615
117 619
117 623
117 627
117 637
117 639
117 652
117 676
117 679
117 681
117 683
117 691
117 702
117 714
117 715
117 719
117 724
117 730
117 747
117 753
117 763
117 771
117 787
118 126
118 153
118 163
118 174
118 184
118 198
118 202
118 203
118 229
118 271
118 280
118 288
118 292
118 313
118 321
118 324
118 328
118 336
118 359
118 374
118 380
118 423
118 430
118 433
118 450
118 453
118 474
118 511
118 518
118 548
118 550
118 555
118 565
118 573
118 576
118 589
118 596
118 643
118 647
118 675
118 693
118 704
118 706
118 707
118 724
118 734
118 752
118 763
118 772
119 127
119 184
119 191
119 194
119 200
119 209
119 211
119 218
119 229
119 234
119 235
119 269
119 273
119 274
119 281
119 287
119 296
119 298
119 308
119 317
119 329
119 348
119 355
119 359
119 366
119 373
119 374
119 402
119 408
119 420
119 429
119 438
119 448
119 449
119 451
119 462
119 488
119 490
119 519
119 533
119 588
119 594
119 603
119 613
119 628
119 633
119 643
119 668
119 682
119 697
119 742
119 743
119 768
119 770
119 776
119 798
120 138
120 153
120 158
120 164
120 166
120 205
120 221
120 258
120 260
120 263
120 269
120 292
120 294
120 297
120 303
120 305
120 320
120 321
120 332
120 347
120 360
120 367
120 377
120 394
120 401
120 409
120 427
120 441
120 444
120 456
120 464
120 513
120 521
120 523
120 541
120 546
120 554
120 563
120 569
120 592
120 633
120 636
120 650
120 652
120 667
120 680
120 688
120 693
120 709
120 711
120 730
120 747
120 769
120 771
120 780
120 781
121 159
121 168
121 186
121 201
121 217
121 220
121 243
121 246
121 261
121 263
121 275
121 322
121 323
121 326
121 341
121 344
121 352
121 378
121 389
121 393
121 408
121 419
121 447
121 472
121 473
121 488
121 525
121 543
121 557
121 558
121 584
121 593
121 595
121 614
121 615
121 627
121 636
121 647
121 683
121 688
121 690
121 693
121 699
121 718
122 126
122 130
122 170
122 177
122 182
122 186
122 188
122 202
122 221
122 222
122 236
122 276
122 295
122 298
122 300
122 310
122 324
122 327
122 337
122 340
122 341
122 344
122 362
122 373
122 379
122 380
122 390
122 391
122 422
122 435
122 462
122 483
122 487
122 489
122 502
122 505
122 563
122 570
122 577
122 647
122 648
122 671
122 678
122 684
122 689
122 693
122 696
122 720
122 732
122 773
122 780
122 790
122 792
123 125
123 131
123 139
123 148
123 153
123 160
123 188
123 193
123 194
123 227
123 229
123 247
123 272
123 299
123 301
123 308
123 321
123 334
123 339
123 345
123 362
123 391
123 394
123 397
123 402
123 406
123 411
123 418
123 433
123 438
123 455
123 486
123 489
123 516
123 524
123 538
123 544
123 560
123 562
123 570
123 574
123 577
123 582
123 592
123 597
123 602
123 604
123 644
123 653
123 658
123 695
123 711
123 731
123 738
123 772
123 780
123 781
123 786
123 796
123 797
123 798
124 127
124 130
124 135
124 142
124 145
124 146
124 152
124 168
124 171
124 180
124 205
124 214
124 248
124 252
124 266
124 267
124 282
124 342
124 343
124 348
124 352
124 382
124 392
124 395
124 396
124 399
124 416
124 436
124 445
124 521
124 525
124 529
124 538
124 565
124 572
124 598
124 599
124 602
124 608
124 617
124 619
124 632
124 633
124 638
124 659
124 662
124 690
124 710
124 747
124 752
124 763
124 772
124 780
124 800
125 127
125 133
125 168
125 184
125 216
125 242
125 255
125 260
125 265
125 270
125 276
125 287
125 297
125 311
125 321
125 331
125 332
125 344
125 347
125 352
125 387
125 407
125 411
125 430
125 431
125 464
125 470
125 481
125 494
125 502
125 508
125 530
125 536
125 547
125 579
125 607
125 608
125 636
125 651
125 699
125 700
125 709
125 711
125 714
125 742
125 745
125 759
125 768
125 779
125 784
126 131
126 139
126 153
126 158
126 162
126 172
126 178
126 189
126 201
126 213
126 215
126 292
126 296
126 323
126 325
126 327
126 345
126 346
126 359
126 367
126 374
126 378
126 382
126 401
126 430
126 438
126 454
126 456
126 459
126 472
126 482
126 483
126 492
126 499
126 523
126 540
126 545
126 556
126 558
126 572
126 584
126 607
126 621
126 626
126 629
126 675
126 693
126 697
126 704
126 706
126 715
126 729
126 741
126 784
127 152
127 166
127 198
127 200
127 211
127 229
127 234
127 251
127 273
127 293
127 306
127 319
127 342
127 349
127 360
127 371
127 384
127 398
127 416
127 431
127 441
127 446
127 451
127 462
127 467
127 474
127 478
127 501
127 505
127 522
127 524
127 540
127 546
127 559
127 575
127 598
127 624
127 646
127 651
127 652
127 663
127 670
127 700
127 705
127 760
127 766
127 778
127 780
128 130
128 137
128 147
128 159
128 163
128 172
128 179
128 189
128 190
128 194
128 203
128 204
128 212
128 248
128 249
128 255
128 278
128 279
128 298
128 307
128 324
128 338
128 339
128 375
128 381
128 384
128 426
128 427
128 429
128 432
128 441
128 442
128 453
128 456
128 473
128 504
128 531
128 535
128 540
128 565
128 578
128 585
128 586
128 602
128 617
128 636
128 647
128 660
128 668
128 674
128 676
128 682
128 687
128 709
128 754
128 781
128 785
128 787
128 792
129 167
129 175
129 189
129 196
129 197
129 208
129 215
129 245
129 247
129 256
129 264
129 265
129 269
129 274
129 317
129 322
129 335
129 339
129 343
129 350
129 358
129 373
129 397
129 399
129 421
129 423
129 451
129 453
129 468
129 479
129 500
129 502
129 515
129 534
129 541
129 545
129 567
129 618
129 625
129 645
129 651
129 656
129 662
129 663
129 678
129 682
129 697
129 702
129 731
129 732
129 776
129 789
129 792
129 793
129 795
129 796
130 132
130 142
130 155
130 190
130 254
130 272
130 280
130 286
130 304
130 336
130 341
130 358
130 377
130 379
130 385
130 420
130 425
130 448
130 454
130 478
130 485
130 508
130 514
130 530
130 538
130 549
130 551
130 555
130 561
130 589
130 598
130 599
130 605
130 612
130 627
130 631
130 632
130 646
130 669
130 677
130 695
130 707
130 709
130 724
130 730
130 737
131 138
131 142
131 162
131 165
131 177
131 184
131 196
131 198
131 199
131 202
131 209
131 229
131 275
131 290
131 291
131 298
131 299
131 301
131 303
131 315
131 341
131 356
131 360
131 374
131 375
131 376
131 389
131 421
131 435
131 445
131 448
131 453
131 455
131 470
131 473
131 492
131 493
131 500
131 502
131 521
131 556
131 574
131 576
131 585
131 595
131 608
131 609
131 613
131 630
131 652
131 655
131 663
131 668
131 670
131 677
131 700
131 719
131 725
131 738
131 783
131 786
131 795
132 162
132 184
132 193
132 199
132 203
132 219
132 223
132 228
132 249
132 251
132 252
132 283
132 286
132 296
132 320
132 323
132 329
132 341
132 385
132 394
132 395
132 397
132 413
132 414
132 452
132 457
132 464
132 473
132 481
132 488
132 491
132 495
132 502
132 546
132 554
132 564
132 574
132 601
132 618
132 643
132 647
132 649
132 652
132 670
132 679
132 708
132 730
132 743
132 756
132 779
132 786
132 788
133 146
133 173
133 203
133 218
133 241
133 262
133 273
133 277
133 306
133 315
133 337
133 343
133 362
133 364
133 370
133 371
133 379
133 386
133 392
133 442
133 452
133 470
133 482
133 487
133 507
133 521
133 522
133 530
133 535
133 536
133 542
133 550
133 574
133 576
133 579
133 600
133 641
133 657
133 661
133 671
133 672
133 698
133 711
133 719
133 722
133 739
133 763
133 770
133 781
133 798
134 156
134 164
134 167
134 168
134 173
134 191
134 195
134 197
134 210
134 211
134 219
134 224
134 233
134 248
134 250
134 252
134 257
134 305
134 319
134 338
134 344
134 354
134 358
134 370
134 372
134 377
134 401
134 404
134 429
134 451
134 471
134 474
134 477
134 483
134 501
134 508
134 514
134 521
134 524
134 529
134 538
134 544
134 549
134 561
134 577
134 578
134 584
134 594
134 601
134 607
134 613
134 638
134 642
134 652
134 654
134 670
134 674
134 675
134 682
134 686
134 716
134 733
134 739
134 740
134 745
134 791
135 142
135 176
135 200
135 203
135 205
135 220
135 228
135 229
135 231
135 241
135 261
135 269
135 283
135 336
135 338
135 346
135 354
135 373
135 392
135 402
135 407
135 408
135 419
135 423
135 432
135 433
135 435
135 442
135 446
135 448
135 458
135 472
135 479
135 497
135 498
135 502
135 504
135 505
135 537
135 542
135 572
135 579
135 599
135 621
135 627
135 629
135 666
135 687
135 695
135 698
135 700
135 730
135 737
135 740
135 744
135 765
135 767
135 774
135 798
136 140
136 180
136 182
136 196
136 198
136 209
136 212
136 231
136 239
136 252
136 256
136 266
136 267
136 280
136 282
136 294
136 301
136 314
136 316
136 332
136 420
136 449
136 455
136 459
136 463
136 470
136 476
136 481
136 493
136 501
136 503
136 522
136 528
136 532
136 551
136 554
136 574
136 595
136 609
136 624
136 625
136 627
136 661
136 665
136 676
136 679
136 682
136 685
136 689
136 691
136 714
136 715
136 760
136 794
137 149
137 183
137 189
137 194
137 212
137 216
137 218
137 219
137 228
137 250
137 251
137 261
137 272
137 285
137 319
137 329
137 330
137 338
137 379
137 419
137 422
137 444
137 455
137 457
137 459
137 466
137 468
137 474
137 481
137 492
137 514
137 522
137 554
137 557
137 567
137 578
137 581
137 591
137 601
137 617
137 623
137 644
137 676
137 728
137 735
137 737
137 740
137 760
137 771
137 776
138 150
138 198
138 200
138 222
138 247
138 256
138 284
138 290
138 292
138 294
138 302
138 311
138 319
138 332
138 366
138 370
138 376
138 382
138 389
138 390
138 393
138 414
138 437
138 440
138 477
138 483
138 506
138 512
138 525
138 526
138 527
138 537
138 546
138 549
138 607
138 608
138 612
138 616
138 672
138 679
138 716
138 717
138 752
138 774
138 776
138 779
138 787
138 790
138 799
139 153
139 163
139 191
139 197
139 205
139 212
139 218
139 221
139 228
139 229
139 230
139 237
139 288
139 289
139 294
139 301
139 314
139 319
139 323
139 325
139 347
139 406
139 413
139 438
139 441
139 445
139 473
139 483
139 493
139 500
139 503
139 529
139 530
139 562
139 563
139 572
139 576
139 583
139 588
139 598
139 599
139 612
139 623
139 671
139 677
139 679
139 712
139 717
139 718
139 731
139 732
139 766
139 772
139 786
139 799
140 144
140 154
140 156
140 172
140 197
140 206
140 237
140 246
140 252
140 277
140 310
140 317
140 328
140 332
140 353
140 374
140 375
140 378
140 400
140 401
140 402
140 405
140 422
140 427
140 429
140 448
140 515
140 524
140 536
140 537
140 543
140 550
140 557
140 564
140 634
140 657
140 686
140 690
140 696
140 699
140 728
140 749
140 756
140 772
140 776
140 781
140 797
141 147
141 152
141 158
141 163
141 183
141 188
141 221
141 231
141 232
141 239
141 249
141 252
141 255
141 256
141 264
141 279
141 303
141 309
141 324
141 335
141 346
141 374
141 387
141 403
141 444
141 451
141 498
141 501
141 528
141 540
141 545
141 549
141 557
141 568
141 572
141 583
141 589
141 598
141 605
141 609
141 620
141 627
141 643
141 653
141 684
141 693
141 703
141 736
141 756
141 769
142 151
142 157
142 161
142 162
142 171
142 184
142 195
142 228
142 233
142 238
142 239
142 248
142 252
142 260
142 267
142 269
142 296
142 311
142 317
142 335
142 375
142 379
142 404
142 412
142 417
142 423
142 435
142 439
142 440
142 451
142 478
142 505
142 506
142 507
142 508
142 510
142 512
142 543
142 571
142 575
142 577
142 579
142 591
142 611
142 618
142 619
142 622
142 625
142 631
142 637
142 660
142 665
142 684
142 697
142 699
142 716
142 718
142 747
142 755
142 761
142 764
142 768
142 770
142 772
142 782
142 790
143 150
143 160
143 181
143 205
143 209
143 222
143 234
143 249
143 255
143 269
143 281
143 299
143 300
143 305
143 306
143 310
143 312
143 327
143 328
143 337
143 340
143 347
143 358
143 370
143 383
143 414
143 415
143 420
143 421
143 449
143 468
143 474
143 491
143 508
143 520
143 538
143 558
143 567
143 593
143 597
143 607
143 618
143 636
143 637
143 642
143 643
143 644
143 645
143 648
143 649
143 679
143 693
143 697
143 708
143 721
143 728
143 730
143 732
143 735
143 737
143 746
143 749
143 758
143 761
143 773
143 789
143 790
143 796
144 147
144 150
144 162
144 173
144 194
144 210
144 220
144 234
144 243
144 253
144 259
144 278
144 288
144 292
144 315
144 330
144 336
144 365
144 414
144 427
144 428
144 429
144 437
144 459
144 475
144 476
144 480
144 499
144 505
144 507
144 514
144 517
144 518
144 523
144 527
144 534
144 537
144 553
144 590
144 602
144 606
144 608
144 651
144 652
144 663
144 664
144 695
144 708
144 718
144 719
144 742
144 744
144 746
144 748
144 754
144 786
144 793
145 152
145 156
145 158
145 173
145 175
145 189
145 206
145 207
145 209
145 216
145 227
145 235
145 236
145 239
145 242
145 272
145 289
145 293
145 300
145 340
145 341
145 364
145 373
145 375
145 381
145 387
145 408
145 409
145 413
145 422
145 432
145 461
145 474
145 481
145 483
145 500
145 528
145 550
145 579
145 601
145 608
145 611
145 643
145 653
145 661
145 684
145 710
145 715
145 741
145 768
145 782
145 783
145 785
145 788
146 171
146 173
146 184
146 192
146 239
146 240
146 255
146 288
146 293
146 301
146 302
146 342
146 350
146 353
146 406
146 407
146 444
146 516
146 529
146 537
146 579
146 604
146 606
146 623
146 627
146 631
146 712
146 713
146 714
146 726
146 733
146 738
146 746
146 755
146 758
146 768
146 776
146 780
146 786
147 156
147 179
147 201
147 205
147 210
147 216
147 239
147 243
147 244
147 246
147 252
147 253
147 266
147 271
147 314
147 316
147 332
147 344
147 348
147 367
147 382
147 395
147 405
147 450
147 460
147 470
147 475
147 487
147 501
147 509
147 527
147 531
147 542
147 563
147 567
147 580
147 586
147 616
147 633
147 643
147 646
147 653
147 663
147 667
147 680
147 694
147 696
147 703
147 712
147 745
147 746
147 748
147 758
147 799
148 196
148 201
148 206
148 224
148 225
148 247
148 249
148 253
148 261
148 262
148 273
148 276
148 281
148 285
148 286
148 323
148 324
148 354
148 377
148 383
148 391
148 407
148 419
148 433
148 436
148 439
148 448
148 449
148 459
148 466
148 487
148 499
148 500
148 511
148 522
148 548
148 557
148 567
148 568
148 582
148 587
148 588
148 599
148 621
148 625
148 650
148 652
148 659
148 686
148 700
148 723
148 730
148 741
148 776
148 781
149 154
149 209
149 210
149 229
149 248
149 252
149 256
149 262
149 263
149 287
149 293
149 295
149 296
149 297
149 332
149 345
149 353
149 365
149 376
149 377
149 400
149 401
149 402
149 417
149 422
149 438
149 484
149 494
149 500
149 511
149 512
149 537
149 550
149 560
149 563
149 575
149 586
149 589
149 613
149 647
149 657
149 665
149 683
149 706
149 724
149 726
149 732
149 747
149 761
149 782
149 790
150 163
150 179
150 184
150 198
150 199
150 207
150 211
150 253
150 256
150 263
150 282
150 292
150 293
150 309
150 310
150 323
150 355
150 362
150 377
150 398
150 416
150 418
150 419
150 429
150 434
150 443
150 468
150 483
150 492
150 515
150 527
150 531
150 542
150 553
150 560
150 573
150 603
150 609
150 614
150 615
150 616
150 617
150 630
150 651
150 729
150 733
150 738
150 769
150 789
151 205
151 209
151 218
151 232
151 246
151 249
151 265
151 277
151 281
151 296
151 309
151 344
151 352
151 364
151 376
151 382
151 411
151 414
151 415
151 446
151 453
151 478
151 482
151 514
151 526
151 547
151 579
151 581
151 582
151 591
151 595
151 597
151 629
151 661
151 680
151 689
151 691
151 693
151 713
151 734
151 772
151 776
151 785
152 161
152 162
152 170
152 171
152 191
152 192
152 209
152 226
152 237
152 260
152 261
152 278
152 299
152 300
152 395
152 402
152 417
152 422
152 439
152 442
152 449
152 450
152 464
152 481
152 484
152 492
152 493
152 518
152 537
152 545
152 576
152 596
152 597
152 598
152 614
152 625
152 660
152 662
152 683
152 687
152 692
152 696
152 706
152 715
152 730
152 756
152 758
152 775
152 777
152 799
152 800
153 162
153 169
153 201
153 209
153 236
153 241
153 257
153 259
153 263
153 264
153 266
153 274
153 287
153 300
153 305
153 323
153 334
153 353
153 361
153 366
153 367
153 387
153 398
153 399
153 402
153 432
153 454
153 455
153 456
153 461
153 463
153 465
153 473
153 474
153 479
153 506
153 541
153 542
153 548
153 553
153 589
153 596
153 598
153 619
153 640
153 647
153 651
153 666
153 705
153 721
153 757
154 160
154 168
154 171
154 175
154 177
154 182
154 198
154 200
154 211
154 212
154 221
154 223
154 225
154 226
154 235
154 262
154 280
154 289
154 301
154 306
154 309
154 319
154 350
154 364
154 381
154 401
154 404
154 420
154 427
154 431
154 436
154 439
154 456
154 477
154 486
154 507
154 547
154 550
154 574
154 585
154 594
154 622
154 628
154 637
154 646
154 685
154 699
154 729
154 736
154 744
154 771
154 781
154 798
154 799
155 166
155 191
155 195
155 200
155 203
155 205
155 229
155 230
155 241
155 255
155 257
155 266
155 286
155 318
155 324
155 340
155 344
155 354
155 368
155 381
155 385
155 439
155 450
155 452
155 467
155 477
155 478
155 481
155 482
155 488
155 501
155 515
155 516
155 527
155 561
155 572
155 589
155 594
155 596
155 619
155 620
155 629
155 636
155 640
155 643
155 646
155 671
155 673
155 677
155 684
155 709
155 715
155 757
155 759
155 783
155 788
155 794
155 799
156 157
156 170
156 194
156 204
156 212
156 224
156 245
156 249
156 282
156 284
156 288
156 303
156 309
156 322
156 339
156 350
156 358
156 386
156 387
156 418
156 423
156 435
156 460
156 461
156 468
156 487
156 519
156 525
156 526
156 538
156 540
156 542
156 573
156 577
156 580
156 587
156 589
156 600
156 605
156 615
156 623
156 630
156 652
156 670
156 674
156 675
156 678
156 698
156 709
156 719
156 755
156 762
156 777
156 784
157 194
157 197
157 199
157 204
157 224
157 270
157 275
157 290
157 292
157 294
157 299
157 305
157 345
157 349
157 371
157 374
157 396
157 410
157 421
157 439
157 440
157 454
157 457
157 460
157 463
157 473
157 479
157 491
157 504
157 507
157 525
157 533
157 539
157 542
157 547
157 554
157 590
157 605
157 617
157 633
157 662
157 664
157 665
157 666
157 682
157 693
157 703
157 707
157 748
157 754
157 772
157 773
158 166
158 168
158 172
158 196
158 221
158 227
158 232
158 259
158 278
158 297
158 318
158 323
158 332
158 336
158 338
158 344
158 346
158 350
158 352
158 384
158 410
158 421
158 432
158 455
158 484
158 494
158 508
158 528
158 532
158 552
158 565
158 583
158 584
158 597
158 600
158 601
158 615
158 629
158 631
158 633
158 646
158 656
158 659
158 684
158 691
158 698
158 727
158 755
158 779
159 181
159 191
159 193
159 196
159 197
159 204
159 232
159 235
159 251
159 252
159 257
159 265
159 278
159 289
159 323
159 341
159 353
159 356
159 376
159 441
159 452
159 461
159 466
159 471
159 473
159 477
159 480
159 490
159 537
159 549
159 563
159 565
159 569
159 585
159 631
159 660
159 674
159 677
159 679
159 689
159 696
159 702
159 706
159 717
159 748
159 783
160 170
160 188
160 194
160 201
160 207
160 210
160 217
160 233
160 235
160 240
160 252
160 259
160 265
160 286
160 293
160 331
160 359
160 365
160 367
160 368
160 391
160 404
160 414
160 421
160 427
160 429
160 444
160 448
160 456
160 460
160 482
160 510
160 518
160 526
160 531
160 559
160 576
160 643
160 679
160 680
160 699
160 700
160 711
160 748
160 758
160 759
160 767
160 791
160 797
161 173
161 196
161 218
161 228
161 230
161 237
161 285
161 286
161 299
161 309
161 315
161 316
161 325
161 348
161 350
161 353
161 355
161 362
161 370
161 373
161 384
161 421
161 434
161 454
161 471
161 480
161 538
161 553
161 571
161 583
161 587
161 614
161 620
161 643
161 645
161 677
161 680
161 688
161 794
162 185
162 200
162 206
162 213
162 214
162 242
162 256
162 258
162 260
162 286
162 304
162 305
162 312
162 316
162 321
162 326
162 332
162 335
162 336
162 350
162 363
162 371
162 388
162 390
162 412
162 422
162 461
162 469
162 472
162 484
162 486
162 490
162 498
162 505
162 545
162 547
162 552
162 593
162 595
162 596
162 598
162 600
162 637
162 639
162 650
162 667
162 693
162 718
162 723
162 740
162 752
162 762
162 770
163 180
163 191
163 208
163 212
163 214
163 233
163 248
163 251
163 282
163 304
163 317
163 354
163 369
163 372
163 374
163 376
163 387
163 399
163 410
163 414
163 421
163 422
163 424
163 433
163 437
163 452
163 529
163 534
163 537
163 560
163 561
163 563
163 577
163 602
163 616
163 633
163 642
163 649
163 682
163 698
163 704
163 705
163 713
163 714
163 731
163 733
163 743
164 172
164 174
164 185
164 201
164 203
164 228
164 242
164 275
164 303
164 307
164 308
164 317
164 326
164 340
164 342
164 355
164 360
164 373
164 383
164 386
164 387
164 409
164 416
164 428
164 461
164 483
164 511
164 516
164 520
164 545
164 557
164 561
164 562
164 582
164 591
164 599
164 605
164 609
164 613
164 624
164 646
164 654
164 690
164 704
164 711
164 716
164 741
164 746
164 771
165 171
165 185
165 257
165 259
165 312
165 313
165 319
165 322
165 347
165 352
165 383
165 390
165 393
165 400
165 405
165 414
165 440
165 442
165 450
165 451
165 456
165 521
165 547
165 566
165 584
165 616
165 628
165 632
165 650
165 677
165 702
165 706
165 707
165 723
165 724
165 747
165 776
165 788
165 792
166 209
166 233
166 234
166 248
166 252
166 253
166 262
166 268
166 272
166 296
166 323
166 325
166 345
166 352
166 354
166 360
166 364
166 369
166 370
166 384
166 391
166 392
166 409
166 418
166 421
166 422
166 425
166 430
166 437
166 451
166 452
166 461
166 468
166 472
166 484
166 494
166 523
166 580
166 601
166 616
166 626
166 635
166 648
166 656
166 667
166 669
166 693
166 708
166 709
166 721
166 734
166 757
166 764
166 777
166 778
166 788
166 792
166 795
167 171
167 191
167 192
167 204
167 220
167 229
167 238
167 292
167 304
167 316
167 320
167 325
167 328
167 340
167 345
167 356
167 387
167 389
167 390
167 394
167 396
167 399
167 426
167 432
167 445
167 457
167 476
167 477
167 523
167 524
167 534
167 562
167 579
167 598
167 606
167 609
167 653
167 655
167 709
167 711
167 725
167 730
167 737
167 740
167 756
167 780
167 787
167 794
168 204
168 210
168 225
168 237
168 241
168 244
168 334
168 349
168 391
168 393
168 422
168 424
168 425
168 429
168 431
168 455
168 469
168 517
168 523
168 525
168 542
168 547
168 577
168 578
168 596
168 607
168 620
168 627
168 644
168 648
168 696
168 697
168 699
168 715
168 740
168 762
168 774
168 783
168 792
168 799
169 182
169 185
169 201
169 208
169 212
169 221
169 231
169 237
169 247
169 267
169 282
169 284
169 286
169 289
169 332
169 336
169 340
169 341
169 342
169 347
169 358
169 364
169 374
169 393
169 409
169 421
169 422
169 456
169 470
169 487
169 489
169 497
169 507
169 508
169 529
169 531
169 534
169 535
169 597
169 612
169 616
169 620
169 641
169 650
169 658
169 660
169 675
169 696
169 703
169 708
169 715
169 716
169 737
169 746
169 756
169 759
169 765
169 768
169 772
169 773
169 792
170 178
170 225
170 230
170 232
170 241
170 247
170 248
170 249
170 268
170 274
170 284
170 300
170 312
170 316
170 329
170 348
170 364
170 379
170 382
170 390
170 398
170 400
170 416
170 439
170 444
170 455
170 459
170 460
170 466
170 470
170 471
170 482
170 484
170 486
170 507
170 515
170 529
170 536
170 537
170 542
170 548
170 549
170 554
170 555
170 559
170 581
170 593
170 603
170 609
170 621
170 626
170 673
170 675
170 691
170 705
170 724
170 725
170 728
170 731
170 732
170 750
170 767
170 787
170 795
171 191
171 204
171 208
171 274
171 341
171 365
171 390
171 392
171 398
171 408
171 435
171 442
171 448
171 482
171 492
171 493
171 495
171 524
171 543
171 563
171 582
171 590
171 600
171 606
171 630
171 660
171 661
171 678
171 705
171 753
171 763
171 772
171 775
171 794
172 173
172 191
172 197
172 204
172 209
172 226
172 232
172 252
172 290
172 299
172 301
172 307
172 311
172 314
172 358
172 365
172 375
172 399
172 400
172 414
172 415
172 431
172 433
172 452
172 457
172 492
172 505
172 512
172 518
172 543
172 560
172 566
172 578
172 581
172 587
172 630
172 665
172 671
172 679
172 684
172 699
172 745
172 796
173 176
173 181
173 187
173 202
173 210
173 213
173 228
173 235
173 255
173 315
173 319
173 322
173 336
173 352
173 368
173 371
173 383
173 388
173 397
173 400
173 415
173 429
173 439
173 450
173 463
173 466
173 474
173 486
173 491
173 492
173 498
173 500
173 502
173 504
173 519
173 526
173 532
173 550
173 572
173 586
173 603
173 608
173 625
173 633
173 649
173 668
173 672
173 676
173 696
173 704
173 709
173 711
173 737
173 746
173 759
173 776
173 777
173 778
174 176
174 186
174 214
174 215
174 226
174 228
174 246
174 255
174 263
174 275
174 276
174 279
174 285
174 293
174 316
174 327
174 328
174 332
174 359
174 363
174 365
174 367
174 381
174 386
174 398
174 412
174 421
174 436
174 445
174 449
174 458
174 461
174 478
174 489
174 494
174 495
174 498
174 500
174 516
174 517
174 555
174 603
174 618
174 625
174 634
174 651
174 661
174 672
174 677
174 684
174 685
174 699
174 723
174 730
174 742
174 745
174 754
174 786
174 797
175 180
175 204
175 229
175 245
175 256
175 258
175 259
175 279
175 283
175 308
175 332
175 339
175 358
175 359
175 379
175 382
175 385
175 387
175 407
175 427
175 430
175 449
175 463
175 466
175 478
175 480
175 487
175 491
175 497
175 508
175 537
175 583
175 587
175 606
175 612
175 613
175 624
175 629
175 639
175 640
175 644
175 650
175 652
175 653
175 687
175 698
175 712
175 714
175 726
175 741
175 755
175 759
175 770
175 772
175 794
175 796
175 798
176 195
176 202
176 223
176 227
176 230
176 236
176 258
176 275
176 279
176 283
176 287
176 293
176 299
176 304
176 323
176 361
176 362
176 364
176 369
176 374
176 377
176 385
176 411
176 420
176 450
176 454
176 457
176 472
176 483
176 489
176 497
176 508
176 513
176 526
176 550
176 592
176 608
176 611
176 617
176 627
176 631
176 637
176 681
176 702
176 737
176 742
176 749
176 752
176 761
176 768
176 773
176 781
177 182
177 184
177 192
177 207
177 218
177 221
177 246
177 261
177 264
177 267
177 290
177 303
177 304
177 315
177 318
177 331
177 343
177 346
177 361
177 391
177 397
177 409
177 420
177 431
177 449
177 450
177 460
177 471
177 485
177 488
177 490
177 500
177 501
177 562
177 569
177 592
177 593
177 597
177 598
177 611
177 617
177 623
177 632
177 644
177 650
177 672
177 674
177 675
177 677
177 699
177 727
177 728
177 755
177 767
177 773
177 787
177 796
178 179
178 191
178 213
178 221
178 224
178 233
178 237
178 243
178 251
178 256
178 260
178 265
178 275
178 280
178 295
178 306
178 342
178 351
178 353
178 359
178 362
178 363
178 378
178 389
178 392
178 393
178 400
178 432
178 450
178 469
178 471
178 496
178 507
178 517
178 533
178 546
178 547
178 572
178 583
178 598
178 611
178 628
178 644
178 651
178 681
178 701
178 704
178 716
178 727
178 747
178 756
178 785
178 790
178 793
179 183
179 186
179 199
179 201
179 202
179 241
179 251
179 264
179 265
179 270
179 274
179 287
179 305
179 308
179 318
179 329
179 352
179 356
179 357
179 369
179 390
179 401
179 444
179 495
179 520
179 528
179 538
179 557
179 575
179 578
179 580
179 610
179 622
179 626
179 654
179 674
179 675
179 686
179 693
179 714
179 726
180 187
180 194
180 235
180 247
180 251
180 256
180 277
180 287
180 290
180 295
180 303
180 330
180 337
180 341
180 345
180 357
180 360
180 373
180 375
180 389
180 403
180 418
180 434
180 454
180 465
180 469
180 496
180 497
180 508
180 509
180 512
180 528
180 534
180 569
180 591
180 610
180 631
180 641
180 645
180 647
180 663
180 704
180 713
180 733
180 765
180 774
180 786
181 191
181 198
181 215
181 217
181 238
181 242
181 272
181 293
181 296
181 298
181 301
181 308
181 324
181 327
181 329
181 334
181 336
181 337
181 348
181 354
181 355
181 374
181 398
181 402
181 404
181 425
181 440
181 482
181 489
181 496
181 509
181 513
181 516
181 528
181 534
181 535
181 538
181 539
181 541
181 551
181 553
181 557
181 570
181 582
181 586
181 595
181 604
181 609
181 614
181 623
181 632
181 648
181 649
181 653
181 662
181 671
181 697
181 701
181 704
181 706
181 722
181 731
181 742
181 748
181 767
181 768
181 777
181 794
182 195
182 203
182 220
182 224
182 257
182 263
182 268
182 299
182 304
182 322
182 343
182 358
182 402
182 427
182 456
182 466
182 479
182 489
182 490
182 523
182 527
182 539
182 551
182 555
182 557
182 559
182 566
182 579
182 600
182 604
182 650
182 652
182 658
182 667
182 680
182 682
182 686
182 694
182 702
182 714
182 717
182 753
182 755
182 788
182 798
183 190
183 193
183 197
183 257
183 270
183 275
183 279
183 298
183 303
183 305
183 310
183 348
183 352
183 354
183 371
183 392
183 410
183 419
183 436
183 443
183 453
183 454
183 462
183 464
183 484
183 485
183 501
183 522
183 540
183 543
183 545
183 552
183 579
183 601
183 625
183 626
183 647
183 659
183 662
183 686
183 690
183 708
183 710
183 719
183 724
183 730
183 732
183 755
183 763
183 766
183 770
183 773
183 780
183 785
183 795
183 798
184 204
184 209
184 214
184 252
184 254
184 255
184 272
184 278
184 290
184 298
184 316
184 340
184 341
184 347
184 348
184 358
184 361
184 371
184 386
184 398
184 408
184 415
184 417
184 441
184 450
184 476
184 485
184 488
184 496
184 500
184 519
184 560
184 562
184 565
184 567
184 569
184 686
184 688
184 689
184 693
184 697
184 698
184 718
184 728
184 740
184 742
184 746
184 752
184 766
184 768
184 791
185 189
185 212
185 214
185 223
185 248
185 253
185 255
185 257
185 273
185 274
185 297
185 317
185 379
185 408
185 447
185 465
185 470
185 483
185 514
185 542
185 543
185 566
185 574
185 585
185 602
185 613
185 656
185 672
185 677
185 687
185 708
185 711
185 714
185 729
185 739
185 754
185 757
185 776
185 777
185 800
186 226
186 227
186 229
186 242
186 245
186 248
186 264
186 266
186 301
186 326
186 331
186 374
186 382
186 399
186 409
186 415
186 431
186 436
186 439
186 528
186 529
186 566
186 572
186 603
186 629
186 633
186 644
186 658
186 661
186 664
186 665
186 672
186 673
186 675
186 693
186 718
186 761
186 773
186 775
186 777
186 782
186 798
187 201
187 202
187 211
187 219
187 253
187 278
187 279
187 309
187 318
187 347
187 363
187 397
187 405
187 409
187 420
187 444
187 461
187 466
187 467
187 527
187 542
187 589
187 594
187 641
187 648
187 660
187 671
187 699
187 711
187 723
187 725
187 728
187 735
187 745
187 776
187 788
188 204
188 225
188 227
188 230
188 239
188 243
188 255
188 268
188 282
188 287
188 294
188 303
188 304
188 317
188 338
188 354
188 369
188 389
188 396
188 411
188 425
188 434
188 447
188 468
188 493
188 508
188 512
188 538
188 547
188 572
188 582
188 593
188 605
188 606
188 661
188 665
188 666
188 677
188 703
188 733
188 736
188 757
188 762
188 794
189 227
189 232
189 236
189 240
189 242
189 252
189 282
189 327
189 333
189 338
189 351
189 354
189 356
189 360
189 387
189 389
189 390
189 397
189 398
189 399
189 405
189 411
189 431
189 445
189 462
189 484
189 519
189 548
189 556
189 576
189 580
189 593
189 597
189 602
189 617
189 619
189 626
189 637
189 639
189 649
189 702
189 703
189 715
189 720
189 725
189 742
189 745
189 747
189 753
189 760
189 775
189 782
189 785
189 787
189 791
189 797
190 198
190 200
190 228
190 239
190 267
190 299
190 327
190 330
190 350
190 367
190 372
190 376
190 379
190 419
190 425
190 427
190 476
190 477
190 496
190 543
190 560
190 564
190 571
190 576
190 608
190 612
190 614
190 619
190 620
190 628
190 637
190 638
190 659
190 667
190 672
190 677
190 683
190 695
190 697
190 699
190 718
190 723
190 742
190 766
190 769
190 777
190 792
191 212
191 228
191 229
191 245
191 269
191 280
191 305
191 308
191 315
191 354
191 359
191 379
191 395
191 402
191 415
191 471
191 525
191 527
191 546
191 561
191 574
191 576
191 581
191 586
191 593
191 603
191 605
191 616
191 641
191 649
191 653
191 712
191 725
191 736
191 765
191 770
191 784
191 785
191 791
191 797
191 799
192 197
192 200
192 208
192 253
192 268
192 273
192 338
192 339
192 353
192 355
192 373
192 379
192 413
192 417
192 420
192 487
192 537
192 538
192 566
192 570
192 581
192 584
192 597
192 624
192 643
192 666
192 690
192 703
192 732
192 733
192 738
192 774
192 780
192 786
192 794
193 207
193 214
193 222
193 223
193 236
193 242
193 253
193 262
193 292
193 312
193 324
193 339
193 340
193 349
193 360
193 366
193 371
193 404
193 427
193 432
193 434
193 446
193 481
193 494
193 533
193 538
193 539
193 543
193 544
193 556
193 573
193 579
193 589
193 601
193 644
193 658
193 692
193 707
193 715
193 720
193 732
193 752
193 759
193 795
193 799
194 233
194 244
194 248
194 256
194 260
194 273
194 294
194 313
194 326
194 330
194 333
194 334
194 359
194 361
194 373
194 375
194 387
194 426
194 430
194 436
194 481
194 484
194 488
194 500
194 517
194 524
194 537
194 543
194 568
194 569
194 578
194 582
194 598
194 602
194 613
194 617
194 620
194 622
194 637
194 670
194 671
194 674
194 695
194 700
194 715
194 733
194 736
194 737
194 756
194 762
194 793
194 799
195 214
195 248
195 255
195 257
195 284
195 285
195 287
195 290
195 303
195 312
195 332
195 338
195 363
195 379
195 383
195 399
195 415
195 418
195 419
195 425
195 450
195 453
195 467
195 469
195 491
195 495
195 504
195 522
195 538
195 544
195 572
195 573
195 583
195 590
195 594
195 595
195 600
195 602
195 620
195 626
195 643
195 661
195 731
195 737
195 739
195 762
195 763
195 775
195 786
196 205
196 209
196 222
196 224
196 245
196 249
196 258
196 264
196 299
196 334
196 359
196 382
196 406
196 423
196 427
196 437
196 446
196 447
196 449
196 452
196 467
196 470
196 480
196 496
196 504
196 530
196 589
196 613
196 615
196 622
196 645
196 653
196 654
196 655
196 680
196 687
196 695
196 739
196 756
196 767
197 203
197 222
197 225
197 235
197 247
197 258
197 259
197 281
197 297
197 307
197 312
197 322
197 351
197 353
197 394
197 399
197 409
197 413
197 414
197 432
197 437
197 441
197 473
197 479
197 481
197 514
197 539
197 552
197 558
197 576
197 584
197 592
197 609
197 642
197 653
197 665
197 667
197 670
197 681
197 684
197 709
197 725
197 729
197 735
197 772
197 777
197 781
197 784
197 797
198 200
198 202
198 225
198 240
198 248
198 280
198 286
198 304
198 307
198 316
198 321
198 322
198 328
198 331
198 360
198 368
198 373
198 393
198 395
198 404
198 405
198 417
198 463
198 469
198 472
198 480
198 491
198 500
198 510
198 514
198 525
198 529
198 530
198 541
198 547
198 548
198 565
198 568
198 574
198 579
198 582
198 590
198 598
198 619
198 621
198 622
198 634
198 645
198 653
198 654
198 675
198 714
198 718
198 725
198 729
198 743
198 774
198 781
198 797
199 255
199 265
199 272
199 282
199 288
199 311
199 344
199 350
199 367
199 372
199 376
199 424
199 428
199 467
199 470
199 484
199 491
199 503
199 507
199 508
199 521
199 526
199 530
199 557
199 595
199 642
199 648
199 653
199 667
199 685
199 696
199 698
199 705
199 717
199 720
199 729
199 776
199 791
199 792
199 797
200 222
200 225
200 243
200 247
200 248
200 255
200 271
200 276
200 279
200 313
200 318
200 326
200 328
200 365
200 371
200 419
200 422
200 449
200 455
200 456
200 467
200 472
200 503
200 514
200 552
200 567
200 577
200 578
200 588
200 599
200 606
200 607
200 609
200 629
200 639
200 641
200 698
200 726
200 728
200 734
200 738
200 750
200 752
200 761
200 770
200 778
200 794
201 204
201 208
201 212
201 220
201 231
201 234
201 254
201 255
201 258
201 290
201 294
201 302
201 320
201 328
201 348
201 370
201 379
201 381
201 385
201 393
201 396
201 410
201 421
201 426
201 448
201 460
201 465
201 484
201 498
201 499
201 512
201 516
201 542
201 549
201 558
201 565
201 575
201 582
201 586
201 608
201 614
201 642
201 645
201 667
201 675
201 678
201 683
201 697
201 699
201 731
201 755
201 757
201 759
202 221
202 229
202 232
202 246
202 254
202 258
202 261
202 277
202 280
202 297
202 299
202 304
202 307
202 349
202 354
202 369
202 376
202 380
202 382
202 393
202 404
202 424
202 443
202 447
202 467
202 503
202 513
202 584
202 605
202 616
202 620
202 645
202 676
202 680
202 693
202 700
202 707
202 710
202 720
202 728
202 732
202 745
202 751
202 763
202 764
202 785
202 794
202 800
203 211
203 251
203 258
203 265
203 291
203 297
203 313
203 338
203 343
203 349
203 360
203 372
203 377
203 382
203 393
203 415
203 427
203 440
203 466
203 501
203 505
203 515
203 520
203 536
203 542
203 544
203 554
203 576
203 583
203 592
203 594
203 601
203 607
203 636
203 658
203 659
203 661
203 668
203 679
203 689
203 704
203 708
203 712
203 738
203 746
203 762
203 769
203 772
203 775
203 778
203 791
204 213
204 214
204 221
204 224
204 230
204 235
204 247
204 265
204 275
204 286
204 302
204 316
204 320
204 333
204 338
204 361
204 368
204 376
204 392
204 413
204 449
204 456
204 465
204 471
204 473
204 480
204 484
204 491
204 499
204 542
204 574
204 578
204 583
204 604
204 625
204 629
204 640
204 641
204 649
204 672
204 689
204 715
204 724
204 725
204 768
204 779
204 784
204 785
204 786
204 787
204 793
204 798
205 213
205 218
205 221
205 223
205 225
205 234
205 235
205 261
205 296
205 342
205 348
205 351
205 367
205 396
205 409
205 423
205 428
205 439
205 448
205 462
205 468
205 473
205 476
205 499
205 506
205 517
205 535
205 552
205 554
205 576
205 598
205 599
205 618
205 643
205 645
205 653
205 656
205 662
205 667
205 675
205 677
205 686
205 694
205 696
205 699
205 713
205 716
205 730
205 758
205 759
205 771
205 779
205 780
205 784
206 207
206 228
206 230
206 241
206 259
206 264
206 269
206 275
206 313
206 318
206 349
206 361
206 404
206 413
206 429
206 430
206 459
206 463
206 477
206 482
206 483
206 491
206 529
206 534
206 538
206 550
206 597
206 624
206 630
206 657
206 679
206 684
206 693
206 722
206 727
206 738
206 745
206 747
206 751
206 758
206 780
206 783
206 795
207 223
207 229
207 236
207 246
207 252
207 255
207 270
207 271
207 283
207 285
207 294
207 299
207 324
207 347
207 358
207 361
207 388
207 390
207 393
207 402
207 407
207 408
207 426
207 436
207 439
207 441
207 442
207 448
207 470
207 471
207 485
207 486
207 494
207 525
207 551
207 563
207 568
207 570
207 612
207 626
207 628
207 647
207 652
207 683
207 692
207 695
207 703
207 718
207 725
207 746
207 755
207 765
207 775
207 777
208 212
208 221
208 225
208 227
208 232
208 235
208 242
208 244
208 255
208 257
208 258
208 263
208 313
208 323
208 324
208 335
208 339
208 368
208 415
208 424
208 446
208 452
208 463
208 493
208 515
208 523
208 555
208 574
208 607
208 626
208 637
208 642
208 654
208 660
208 663
208 679
208 696
208 709
208 731
208 749
208 752
208 771
208 773
208 776
208 782
208 793
209 216
209 233
209 249
209 260
209 264
209 269
209 274
209 278
209 282
209 292
209 297
209 318
209 321
209 333
209 354
209 373
209 394
209 401
209 409
209 432
209 445
209 462
209 481
209 507
209 513
209 522
209 528
209 538
209 553
209 574
209 579
209 597
209 611
209 620
209 639
209 652
209 670
209 672
209 700
209 719
209 735
209 763
209 765
209 769
209 789
209 793
209 799
210 214
210 233
210 246
210 247
210 249
210 252
210 259
210 261
210 288
210 289
210 299
210 323
210 325
210 343
210 350
210 439
210 448
210 476
210 519
210 522
210 562
210 570
210 580
210 581
210 590
210 595
210 615
210 620
210 644
210 652
210 662
210 691
210 706
210 712
210 728
210 739
210 742
210 768
210 771
210 783
211 214
211 236
211 239
211 242
211 252
211 253
211 255
211 273
211 277
211 357
211 363
211 366
211 382
211 400
211 404
211 432
211 442
211 446
211 475
211 477
211 480
211 495
211 541
211 553
211 574
211 601
211 607
211 638
211 678
211 685
211 686
211 691
211 700
211 712
211 719
211 726
211 730
211 733
211 749
211 761
211 770
211 784
212 214
212 218
212 240
212 250
212 259
212 267
212 278
212 332
212 349
212 358
212 396
212 397
212 404
212 412
212 438
212 443
212 450
212 459
212 492
212 499
212 504
212 536
212 566
212 572
212 584
212 588
212 590
212 592
212 593
212 607
212 610
212 616
212 619
212 652
212 655
212 673
212 688
212 693
212 704
212 713
212 759
212 781
212 792
213 216
213 231
213 233
213 242
213 249
213 259
213 261
213 265
213 271
213 281
213 282
213 291
213 293
213 352
213 358
213 417
213 445
213 457
213 470
213 475
213 478
213 484
213 491
213 497
213 512
213 527
213 540
213 545
213 582
213 592
213 593
213 600
213 612
213 616
213 639
213 641
213 647
213 649
213 656
213 688
213 713
213 750
213 752
213 756
213 774
213 780
213 781
213 783
213 789
214 228
214 276
214 285
214 295
214 306
214 316
214 333
214 351
214 376
214 387
214 391
214 398
214 414
214 423
214 437
214 455
214 461
214 467
214 472
214 492
214 495
214 512
214 514
214 518
214 525
214 543
214 559
214 562
214 569
214 571
214 575
214 582
214 591
214 606
214 611
214 615
214 625
214 647
214 656
214 657
214 669
214 672
214 693
214 698
214 722
214 728
214 751
214 770
214 793
215 227
215 232
215 240
215 256
215 263
215 272
215 277
215 288
215 292
215 295
215 302
215 308
215 316
215 322
215 323
215 340
215 344
215 349
215 354
215 414
215 419
215 434
215 436
215 439
215 441
215 452
215 473
215 479
215 480
215 517
215 528
215 537
215 539
215 563
215 569
215 579
215 585
215 604
215 627
215 633
215 636
215 641
215 654
215 666
215 678
215 701
215 702
215 705
215 712
215 729
215 732
215 742
215 745
215 756
215 764
215 791
215 797
216 218
216 231
216 251
216 264
216 271
216 308
216 326
216 338
216 343
216 367
216 378
216 387
216 399
216 413
216 422
216 432
216 440
216 476
216 508
216 525
216 532
216 550
216 598
216 623
216 626
216 645
216 681
216 682
216 693
216 708
216 737
216 748
216 758
216 760
216 800
217 224
217 230
217 254
217 256
217 266
217 270
217 282
217 341
217 343
217 346
217 347
217 365
217 392
217 402
217 416
217 418
217 433
217 475
217 492
217 508
217 519
217 523
217 527
217 545
217 550
217 558
217 559
217 595
217 599
217 610
217 667
217 694
217 703
217 714
217 725
217 726
217 742
217 747
218 222
218 244
218 261
218 270
218 278
218 279
218 280
218 288
218 294
218 302
218 310
218 328
218 363
218 374
218 376
218 394
218 413
218 420
218 429
218 436
218 481
218 489
218 544
218 557
218 560
218 574
218 588
218 595
218 632
218 647
218 654
218 655
218 666
218 689
218 708
218 709
218 725
218 729
218 730
218 760
218 763
218 774
219 230
219 236
219 241
219 259
219 304
219 337
219 374
219 394
219 403
219 414
219 418
219 423
219 427
219 434
219 435
219 470
219 488
219 511
219 515
219 525
219 551
219 561
219 563
219 606
219 613
219 616
219 622
219 626
219 630
219 634
219 643
219 679
219 680
219 688
219 701
219 705
219 735
219 736
219 754
219 765
219 771
219 788
219 789
220 262
220 296
220 302
220 338
220 343
220 345
220 348
220 351
220 360
220 361
220 381
220 388
220 391
220 392
220 395
220 404
220 405
220 409
220 412
220 435
220 442
220 446
220 451
220 462
220 483
220 493
220 502
220 531
220 543
220 567
220 581
220 583
220 589
220 605
220 609
220 615
220 620
220 624
220 625
220 631
220 638
220 644
220 647
220 654
220 711
220 729
220 751
220 764
220 777
221 271
221 298
221 303
221 316
221 323
221 325
221 327
221 337
221 341
221 344
221 385
221 390
221 394
221 404
221 416
221 420
221 421
221 442
221 463
221 504
221 518
221 524
221 531
221 552
221 562
221 572
221 585
221 597
221 618
221 647
221 712
221 736
221 742
221 783
222 248
222 252
222 254
222 270
222 273
222 288
222 313
222 338
222 339
222 349
222 355
222 359
222 375
222 379
222 402
222 422
222 433
222 436
222 455
222 457
222 469
222 470
222 511
222 523
222 524
222 536
222 541
222 548
222 564
222 566
222 605
222 620
222 637
222 641
222 649
222 690
222 701
222 708
222 735
222 750
222 755
222 761
222 790
222 800
223 226
223 240
223 252
223 254
223 262
223 268
223 301
223 329
223 336
223 341
223 351
223 385
223 396
223 410
223 424
223 443
223 470
223 487
223 530
223 557
223 563
223 567
223 571
223 574
223 592
223 599
223 600
223 601
223 602
223 610
223 655
223 658
223 676
223 727
223 733
223 752
223 770
223 786
223 798
224 232
224 239
224 244
224 245
224 270
224 271
224 282
224 285
224 294
224 298
224 300
224 317
224 323
224 340
224 344
224 359
224 370
224 372
224 376
224 377
224 383
224 422
224 426
224 437
224 448
224 449
224 450
224 451
224 456
224 503
224 505
224 509
224 511
224 514
224 523
224 532
224 534
224 538
224 557
224 562
224 569
224 592
224 594
224 611
224 623
224 627
224 629
224 634
224 646
224 651
224 653
224 671
224 672
224 694
224 695
224 698
224 721
224 728
224 734
224 748
224 754
224 765
224 770
224 792
224 800
225 230
225 242
225 245
225 266
225 281
225 310
225 318
225 336
225 341
225 344
225 359
225 384
225 387
225 390
225 392
225 393
225 399
225 443
225 477
225 504
225 507
225 509
225 517
225 553
225 567
225 572
225 579
225 582
225 598
225 615
225 630
225 652
225 674
225 679
225 693
225 700
225 703
225 720
225 762
225 768
225 774
225 782
225 793
225 795
225 797
226 243
226 267
226 280
226 292
226 293
226 308
226 312
226 329
226 334
226 368
226 373
226 382
226 421
226 428
226 434
226 444
226 447
226 450
226 463
226 468
226 471
226 474
226 486
226 498
226 516
226 519
226 534
226 556
226 603
226 604
226 618
226 620
226 623
226 630
226 641
226 643
226 647
226 658
226 669
226 671
226 693
226 712
226 721
226 743
226 744
226 758
227 260
227 273
227 288
227 299
227 318
227 338
227 340
227 348
227 369
227 370
227 392
227 423
227 427
227 436
227 437
227 444
227 446
227 451
227 452
227 496
227 501
227 502
227 513
227 516
227 518
227 531
227 543
227 549
227 577
227 601
227 620
227 649
227 670
227 673
227 675
227 681
227 721
227 735
227 737
227 746
227 751
227 753
227 755
227 759
227 762
227 766
227 767
227 770
227 771
228 237
228 239
228 248
228 269
228 277
228 290
228 291
228 313
228 314
228 317
228 326
228 367
228 380
228 446
228 447
228 465
228 497
228 509
228 534
228 559
228 565
228 584
228 596
228 620
228 648
228 664
228 665
228 674
228 679
228 681
228 698
228 713
228 732
228 743
228 750
228 753
228 754
228 774
228 779
228 788
228 791
228 797
229 243
229 256
229 276
229 286
229 300
229 325
229 343
229 356
229 359
229 392
229 432
229 447
229 478
229 481
229 490
229 498
229 517
229 533
229 547
229 563
229 572
229 580
229 584
229 588
229 590
229 599
229 602
229 611
229 619
229 628
229 654
229 663
229 679
229 680
229 686
229 701
229 713
229 730
229 737
229 739
229 749
229 757
229 761
229 789
229 793
229 797
230 233
230 235
230 266
230 277
230 312
230 330
230 354
230 402
230 407
230 410
230 436
230 449
230 459
230 465
230 480
230 497
230 515
230 527
230 549
230 554
230 596
230 600
230 602
230 604
230 612
230 613
230 628
230 632
230 645
230 646
230 648
230 659
230 660
230 675
230 685
230 690
230 705
230 712
230 730
230 783
230 784
230 787
230 795
231 237
231 241
231 278
231 289
231 306
231 307
231 318
231 350
231 362
231 365
231 404
231 415
231 417
231 418
231 431
231 442
231 443
231 453
231 458
231 470
231 474
231 489
231 491
231 495
231 511
231 514
231 536
231 557
231 559
231 565
231 566
231 571
231 572
231 578
231 581
231 598
231 600
231 624
231 625
231 627
231 630
231 647
231 667
231 686
231 723
231 726
231 764
231 776
231 780
231 796
232 243
232 245
232 260
232 267
232 283
232 298
232 299
232 305
232 325
232 327
232 334
232 350
232 351
232 381
232 401
232 411
232 415
232 437
232 441
232 447
232 457
232 463
232 483
232 522
232 531
232 537
232 580
232 581
232 593
232 600
232 606
232 615
232 674
232 679
232 723
232 727
232 738
232 750
232 764
232 774
232 777
232 786
232 788
232 789
233 235
233 245
233 246
233 264
233 265
233 268
233 277
233 281
233 287
233 291
233 297
233 303
233 318
233 327
233 340
233 342
233 350
233 352
233 358
233 360
233 386
233 389
233 394
233 408
233 409
233 420
233 451
233 482
233 493
233 534
233 540
233 550
233 551
233 567
233 570
233 579
233 580
233 607
233 614
233 618
233 639
233 641
233 683
233 692
233 693
233 700
233 706
233 723
233 735
233 736
233 745
233 749
233 788
233 790
234 236
234 257
234 263
234 268
234 279
234 285
234 287
234 290
234 295
234 304
234 306
234 308
234 313
234 326
234 343
234 344
234 366
234 379
234 413
234 414
234 417
234 423
234 499
234 505
234 509
234 519
234 526
234 539
234 564
234 572
234 580
234 614
234 617
234 620
234 636
234 654
234 661
234 670
234 688
234 698
234 719
234 736
234 752
234 756
234 757
234 763
234 780
235 240
235 242
235 269
235 308
235 325
235 350
235 353
235 354
235 358
235 361
235 386
235 402
235 404
235 407
235 417
235 428
235 432
235 439
235 443
235 451
235 458
235 465
235 468
235 472
235 487
235 498
235 514
235 516
235 554
235 598
235 608
235 610
235 618
235 632
235 635
235 664
235 674
235 675
235 679
235 685
235 690
235 697
235 709
235 714
235 715
235 743
235 745
235 746
235 754
235 764
235 777
235 778
235 784
235 786
235 787
236 248
236 266
236 294
236 298
236 307
236 321
236 338
236 343
236 347
236 381
236 400
236 450
236 451
236 467
236 484
236 491
236 494
236 507
236 533
236 546
236 550
236 553
236 559
236 606
236 608
236 609
236 624
236 634
236 636
236 640
236 642
236 663
236 666
236 670
236 675
236 712
236 716
236 718
236 723
236 738
236 751
236 764
236 778
236 795
237 239
237 243
237 263
237 264
237 273
237 284
237 294
237 306
237 307
237 311
237 338
237 350
237 361
237 364
237 375
237 381
237 441
237 445
237 482
237 486
237 524
237 525
237 541
237 561
237 570
237 611
237 614
237 615
237 618
237 642
237 667
237 676
237 681
237 691
237 701
237 712
237 732
237 751
237 769
237 787
237 790
237 795
237 800
238 240
238 246
238 250
238 254
238 286
238 322
238 342
238 346
238 350
238 353
238 372
238 386
238 398
238 403
238 467
238 468
238 470
238 508
238 509
238 516
238 524
238 543
238 550
238 551
238 564
238 590
238 591
238 633
238 635
238 648
238 677
238 688
238 720
238 740
238 760
238 791
238 794
239 241
239 280
239 297
239 325
239 332
239 336
239 338
239 358
239 366
239 383
239 385
239 386
239 404
239 407
239 418
239 437
239 450
239 471
239 472
239 490
239 513
239 522
239 524
239 568
239 576
239 580
239 588
239 604
239 613
239 616
239 634
239 644
239 645
239 648
239 662
239 671
239 677
239 696
239 715
239 739
239 755
239 758
239 791
239 799
240 252
240 260
240 283
240 307
240 312
240 323
240 327
240 331
240 334
240 381
240 394
240 400
240 404
240 414
240 442
240 454
240 458
240 463
240 480
240 485
240 503
240 505
240 517
240 524
240 552
240 557
240 583
240 585
240 631
240 632
240 637
240 640
240 649
240 655
240 664
240 708
240 711
240 724
240 726
240 728
240 732
240 733
240 750
240 770
240 772
240 793
240 794
240 796
241 271
241 272
241 303
241 315
241 319
241 325
241 332
241 344
241 358
241 380
241 383
241 384
241 414
241 415
241 437
241 458
241 485
241 494
241 531
241 544
241 551
241 562
241 567
241 580
241 589
241 611
241 637
241 653
241 667
241 683
241 779
242 261
242 297
242 321
242 342
242 359
242 363
242 370
242 371
242 380
242 382
242 384
242 387
242 393
242 403
242 405
242 413
242 414
242 416
242 418
242 420
242 440
242 443
242 455
242 483
242 485
242 491
242 508
242 512
242 517
242 518
242 525
242 526
242 540
242 546
242 547
242 570
242 585
242 591
242 624
242 642
242 644
242 646
242 650
242 653
242 654
242 655
242 656
242 660
242 662
242 700
242 723
242 725
242 730
242 739
242 740
242 746
242 764
242 779
242 784
242 790
243 244
243 257
243 270
243 286
243 290
243 344
243 361
243 395
243 416
243 429
243 462
243 485
243 521
243 526
243 536
243 549
243 553
243 589
243 600
243 608
243 613
243 628
243 632
243 636
243 655
243 660
243 681
243 684
243 685
243 708
243 710
243 714
243 746
243 778
243 796
244 245
244 266
244 267
244 296
244 307
244 313
244 319
244 340
244 347
244 350
244 356
244 365
244 396
244 408
244 423
244 428
244 430
244 434
244 445
244 456
244 471
244 476
244 489
244 503
244 511
244 516
244 518
244 520
244 525
244 549
244 575
244 586
244 587
244 591
244 595
244 598
244 601
244 613
244 636
244 658
244 705
244 707
244 733
244 751
244 790
245 267
245 271
245 276
245 278
245 283
245 290
245 294
245 308
245 327
245 353
245 384
245 390
245 400
245 405
245 406
245 407
245 428
245 455
245 461
245 472
245 482
245 491
245 495
245 499
245 505
245 514
245 518
245 529
245 539
245 560
245 568
245 576
245 581
245 588
245 608
245 627
245 630
245 639
245 646
245 655
245 669
245 677
245 681
245 709
245 714
245 715
245 745
245 746
245 765
245 766
245 778
245 789
246 249
246 265
246 269
246 280
246 283
246 292
246 298
246 306
246 313
246 315
246 331
246 335
246 348
246 364
246 368
246 374
246 383
246 391
246 401
246 404
246 419
246 429
246 430
246 453
246 460
246 490
246 500
246 550
246 563
246 574
246 580
246 583
246 602
246 606
246 636
246 638
246 646
246 661
246 691
246 698
246 760
246 764
246 787
246 788
246 798
247 276
247 286
247 296
247 307
247 315
247 353
247 380
247 384
247 390
247 399
247 443
247 459
247 468
247 469
247 473
247 480
247 493
247 509
247 529
247 558
247 624
247 630
247 649
247 662
247 663
247 726
247 728
247 732
247 754
247 757
247 788
247 797
247 799
248 256
248 273
248 278
248 283
248 288
248 301
248 306
248 331
248 356
248 357
248 358
248 365
248 366
248 370
248 372
248 374
248 399
248 401
248 411
248 429
248 450
248 452
248 454
248 476
248 487
248 489
248 490
248 503
248 513
248 542
248 549
248 574
248 578
248 591
248 594
248 595
248 606
248 616
248 618
248 621
248 665
248 671
248 674
248 690
248 698
248 701
248 716
248 746
248 748
248 772
248 777
248 783
248 787
248 790
248 796
249 250
249 257
249 258
249 280
249 287
249 296
249 311
249 360
249 364
249 366
249 373
249 404
249 428
249 431
249 446
249 451
249 458
249 476
249 478
249 496
249 508
249 523
249 541
249 570
249 577
249 620
249 632
249 652
249 668
249 690
249 699
249 726
249 733
249 745
249 773
249 784
249 791
250 251
250 263
250 265
250 285
250 301
250 306
250 329
250 332
250 333
250 373
250 376
250 395
250 428
250 450
250 491
250 497
250 505
250 523
250 546
250 554
250 555
250 557
250 571
250 576
250 586
250 624
250 625
250 644
250 646
250 647
250 656
250 668
250 673
250 675
250 682
250 685
250 701
250 705
250 716
250 782
250 799
251 256
251 267
251 277
251 279
251 281
251 282
251 288
251 313
251 314
251 334
251 371
251 374
251 379
251 386
251 409
251 429
251 438
251 442
251 444
251 445
251 461
251 476
251 489
251 497
251 517
251 526
251 531
251 560
251 569
251 576
251 607
251 612
251 617
251 627
251 633
251 641
251 644
251 661
251 679
251 718
251 726
251 743
251 744
251 766
251 769
251 780
251 791
252 260
252 269
252 281
252 295
252 300
252 306
252 342
252 368
252 371
252 432
252 507
252 523
252 524
252 528
252 555
252 566
252 567
252 575
252 586
252 613
252 616
252 625
252 669
252 684
252 712
252 730
252 739
252 754
252 769
252 777
253 273
253 308
253 311
253 327
253 328
253 330
253 350
253 354
253 358
253 368
253 379
253 387
253 394
253 399
253 416
253 438
253 440
253 459
253 490
253 515
253 529
253 544
253 547
253 561
253 588
253 599
253 605
253 612
253 625
253 631
253 647
253 670
253 674
253 679
253 695
253 715
253 724
253 736
253 755
253 772
253 773
253 799
254 263
254 274
254 298
254 300
254 339
254 345
254 347
254 356
254 362
254 365
254 370
254 403
254 406
254 413
254 451
254 459
254 463
254 496
254 529
254 536
254 542
254 553
254 581
254 591
254 600
254 634
254 643
254 651
254 661
254 668
254 690
254 695
254 705
254 709
254 739
254 751
254 776
254 786
255 257
255 293
255 301
255 331
255 368
255 381
255 389
255 397
255 428
255 433
255 442
255 448
255 490
255 509
255 514
255 524
255 528
255 534
255 538
255 562
255 573
255 586
255 608
255 613
255 621
255 622
255 638
255 646
255 650
255 655
255 669
255 681
255 691
255 697
255 704
255 724
255 728
255 781
255 797
256 261
256 262
256 270
256 297
256 310
256 314
256 322
256 335
256 337
256 361
256 371
256 372
256 376
256 406
256 428
256 455
256 458
256 467
256 479
256 508
256 509
256 521
256 576
256 578
256 579
256 622
256 662
256 697
256 713
256 719
256 735
256 742
256 759
256 765
256 767
256 768
256 779
256 790
256 792
256 795
256 797
257 264
257 265
257 307
257 326
257 332
257 338
257 339
257 342
257 346
257 364
257 377
257 383
257 403
257 427
257 430
257 459
257 468
257 486
257 492
257 495
257 508
257 531
257 535
257 536
257 539
257 563
257 571
257 581
257 582
257 588
257 597
257 632
257 651
257 663
257 667
257 692
257 715
257 749
257 767
257 768
257 780
257 787
257 796
257 797
258 277
258 278
258 284
258 294
258 318
258 359
258 372
258 385
258 393
258 414
258 421
258 449
258 500
258 501
258 524
258 542
258 545
258 554
258 555
258 585
258 590
258 635
258 647
258 655
258 668
258 704
258 710
258 738
258 739
258 758
258 783
258 791
259 265
259 280
259 291
259 313
259 314
259 339
259 346
259 389
259 397
259 416
259 419
259 440
259 472
259 482
259 504
259 511
259 533
259 534
259 540
259 547
259 552
259 553
259 572
259 599
259 634
259 642
259 667
259 669
259 672
259 682
259 686
259 690
259 711
259 715
259 716
259 730
259 748
259 750
259 777
259 786
259 796
260 281
260 284
260 294
260 325
260 349
260 364
260 375
260 391
260 399
260 429
260 432
260 440
260 455
260 484
260 498
260 502
260 506
260 510
260 513
260 522
260 539
260 556
260 567
260 573
260 575
260 604
260 610
260 625
260 636
260 639
260 645
260 646
260 648
260 682
260 701
260 731
260 737
260 739
260 748
260 753
260 770
260 773
260 782
260 786
260 799
261 277
261 302
261 310
261 311
261 334
261 336
261 370
261 380
261 390
261 401
261 405
261 415
261 417
261 421
261 454
261 458
261 483
261 505
261 518
261 520
261 533
261 538
261 558
261 565
261 586
261 619
261 622
261 628
261 638
261 646
261 652
261 677
261 686
261 704
261 746
261 755
261 779
262 264
262 281
262 305
262 316
262 329
262 330
262 335
262 336
262 347
262 361
262 381
262 389
262 411
262 442
262 444
262 445
262 452
262 500
262 502
262 506
262 529
262 530
262 533
262 551
262 593
262 602
262 610
262 626
262 631
262 632
262 659
262 671
262 700
262 713
262 718
262 732
262 741
262 742
262 763
262 765
262 775
262 799
263 274
263 291
263 294
263 296
263 303
263 304
263 312
263 326
263 334
263 336
263 365
263 368
263 374
263 388
263 394
263 405
263 446
263 466
263 467
263 490
263 495
263 502
263 507
263 515
263 516
263 522
263 558
263 561
263 574
263 575
263 583
263 585
263 586
263 589
263 593
263 596
263 611
263 632
263 637
263 682
263 693
263 719
263 775
264 265
264 277
264 288
264 292
264 293
264 295
264 310
264 311
264 326
264 327
264 355
264 375
264 376
264 378
264 410
264 418
264 438
264 448
264 478
264 509
264 512
264 520
264 523
264 530
264 536
264 540
264 544
264 562
264 567
264 568
264 573
264 588
264 616
264 626
264 654
264 666
264 668
264 676
264 686
264 689
264 705
264 710
264 712
264 713
264 720
264 727
264 735
264 754
264 771
264 781
264 784
265 266
265 327
265 366
265 373
265 390
265 399
265 400
265 423
265 428
265 454
265 455
265 461
265 465
265 468
265 477
265 483
265 502
265 505
265 508
265 510
265 536
265 544
265 556
265 561
265 562
265 570
265 584
265 588
265 601
265 605
265 614
265 635
265 655
265 656
265 665
265 672
265 691
265 696
265 701
265 732
265 735
265 738
265 754
265 762
265 782
265 795
266 295
266 300
266 303
266 309
266 317
266 330
266 344
266 350
266 366
266 368
266 377
266 388
266 392
266 393
266 421
266 423
266 447
266 451
266 452
266 454
266 468
266 470
266 472
266 488
266 534
266 572
266 575
266 597
266 602
266 619
266 645
266 650
266 652
266 653
266 669
266 677
266 710
266 717
266 723
266 727
266 732
266 743
266 745
266 750
266 776
266 791
266 796
267 270
267 292
267 307
267 312
267 316
267 337
267 343
267 362
267 365
267 366
267 393
267 396
267 397
267 398
267 407
267 412
267 439
267 481
267 482
267 505
267 525
267 550
267 558
267 563
267 576
267 591
267 600
267 608
267 610
267 627
267 629
267 630
267 636
267 644
267 669
267 676
267 695
267 698
267 717
267 722
267 768
267 782
267 789
267 795
268 334
268 338
268 344
268 347
268 365
268 376
268 398
268 430
268 433
268 451
268 453
268 456
268 502
268 518
268 520
268 551
268 554
268 563
268 566
268 581
268 590
268 592
268 593
268 600
268 613
268 619
268 653
268 654
268 655
268 656
268 670
268 673
268 692
268 707
268 725
268 741
268 760
268 768
268 778
268 784
269 286
269 303
269 333
269 350
269 389
269 395
269 416
269 417
269 441
269 451
269 457
269 468
269 485
269 492
269 504
269 536
269 537
269 548
269 564
269 565
269 567
269 575
269 585
269 595
269 600
269 601
269 624
269 628
269 677
269 700
269 710
269 723
269 725
269 751
269 755
269 795
270 272
270 275
270 278
270 279
270 301
270 309
270 320
270 324
270 329
270 331
270 376
270 384
270 388
270 405
270 409
270 423
270 426
270 435
270 468
270 476
270 478
270 481
270 486
270 499
270 520
270 532
270 535
270 536
270 558
270 559
270 561
270 577
270 584
270 595
270 600
270 612
270 621
270 662
270 664
270 679
270 687
270 694
270 714
270 725
270 732
270 741
270 794
271 278
271 318
271 343
271 345
271 351
271 376
271 386
271 396
271 397
271 407
271 413
271 425
271 446
271 468
271 487
271 494
271 523
271 531
271 540
271 550
271 560
271 561
271 563
271 568
271 601
271 609
271 621
271 665
271 672
271 675
271 707
271 714
271 739
271 754
271 767
272 295
272 305
272 326
272 327
272 345
272 353
272 361
272 367
272 386
272 393
272 405
272 408
272 427
272 450
272 476
272 481
272 490
272 493
272 512
272 546
272 551
272 565
272 569
272 591
272 603
272 608
272 613
272 616
272 628
272 630
272 635
272 636
272 647
272 649
272 651
272 664
272 676
272 679
272 681
272 688
272 689
272 705
272 711
272 714
272 716
272 723
272 734
272 754
272 762
272 767
272 774
272 785
272 791
273 295
273 308
273 309
273 332
273 333
273 338
273 358
273 375
273 393
273 406
273 408
273 420
273 423
273 427
273 471
273 473
273 496
273 505
273 507
273 511
273 524
273 533
273 541
273 543
273 550
273 556
273 557
273 574
273 587
273 590
273 596
273 598
273 603
273 618
273 619
273 624
273 635
273 653
273 665
273 666
273 677
273 680
273 695
273 727
273 729
273 745
273 754
273 768
273 778
273 779
273 792
274 275
274 286
274 309
274 314
274 320
274 322
274 324
274 340
274 365
274 395
274 397
274 420
274 424
274 436
274 442
274 446
274 471
274 473
274 489
274 513
274 516
274 519
274 521
274 560
274 564
274 573
274 590
274 621
274 628
274 646
274 671
274 680
274 689
274 696
274 725
274 748
274 759
274 765
274 772
274 788
275 277
275 309
275 324
275 344
275 374
275 395
275 401
275 414
275 417
275 443
275 447
275 456
275 459
275 494
275 495
275 502
275 518
275 525
275 527
275 536
275 544
275 550
275 551
275 552
275 562
275 564
275 576
275 587
275 602
275 618
275 628
275 644
275 661
275 662
275 663
275 675
275 694
275 698
275 729
275 768
276 284
276 287
276 295
276 310
276 313
276 330
276 338
276 348
276 375
276 378
276 406
276 409
276 412
276 421
276 462
276 488
276 493
276 501
276 512
276 526
276 535
276 545
276 546
276 553
276 565
276 566
276 568
276 579
276 593
276 619
276 620
276 627
276 628
276 641
276 646
276 656
276 674
276 677
276 681
276 697
276 707
276 711
276 714
276 718
276 719
276 728
276 729
276 730
276 759
276 760
276 762
276 766
276 775
276 778
276 791
276 792
276 797
277 318
277 325
277 333
277 360
277 370
277 376
277 383
277 387
277 395
277 408
277 412
277 428
277 436
277 447
277 450
277 452
277 471
277 486
277 489
277 509
277 520
277 529
277 617
277 622
277 630
277 635
277 637
277 638
277 642
277 644
277 666
277 683
277 708
277 712
277 717
277 719
277 744
277 752
277 757
277 759
277 799
278 288
278 294
278 300
278 315
278 320
278 330
278 331
278 351
278 364
278 378
278 396
278 451
278 462
278 491
278 519
278 520
278 524
278 540
278 566
278 585
278 590
278 624
278 633
278 649
278 653
278 669
278 672
278 674
278 686
278 706
278 732
278 740
278 759
278 765
278 796
279 282
279 287
279 306
279 314
279 327
279 361
279 365
279 374
279 378
279 407
279 416
279 426
279 427
279 514
279 516
279 526
279 529
279 533
279 544
279 581
279 585
279 587
279 604
279 613
279 617
279 628
279 638
279 642
279 644
279 660
279 669
279 679
279 680
279 687
279 697
279 699
279 719
279 741
279 748
279 749
279 772
279 785
279 796
280 282
280 302
280 307
280 325
280 355
280 375
280 396
280 403
280 407
280 411
280 413
280 419
280 426
280 436
280 458
280 470
280 474
280 493
280 514
280 515
280 536
280 548
280 556
280 563
280 612
280 647
280 670
280 700
280 710
280 724
280 738
280 753
280 768
280 769
280 773
280 774
280 775
280 795
280 798
280 800
281 282
281 284
281 340
281 343
281 357
281 391
281 418
281 444
281 459
281 475
281 482
281 486
281 490
281 492
281 495
281 509
281 511
281 517
281 519
281 525
281 538
281 553
281 554
281 576
281 577
281 586
281 593
281 598
281 636
281 640
281 649
281 650
281 653
281 656
281 657
281 673
281 675
281 680
281 685
281 689
281 691
281 695
281 698
281 706
281 711
281 723
281 724
281 738
281 740
281 764
282 288
282 291
282 313
282 325
282 345
282 350
282 352
282 355
282 359
282 383
282 419
282 420
282 443
282 471
282 475
282 481
282 482
282 496
282 526
282 534
282 540
282 551
282 557
282 568
282 589
282 594
282 603
282 608
282 614
282 619
282 633
282 634
282 635
282 638
282 648
282 651
282 665
282 673
282 682
282 708
282 715
282 736
282 777
282 778
282 795
283 351
283 369
283 383
283 390
283 392
283 396
283 413
283 414
283 421
283 423
283 443
283 456
283 468
283 510
283 532
283 542
283 574
283 578
283 590
283 604
283 615
283 618
283 630
283 637
283 641
283 648
283 654
283 667
283 680
283 687
283 695
283 700
283 729
283 743
283 747
283 759
283 777
283 786
283 787
283 798
284 296
284 298
284 300
284 321
284 333
284 334
284 338
284 340
284 360
284 370
284 397
284 416
284 426
284 429
284 439
284 441
284 445
284 453
284 465
284 480
284 482
284 498
284 500
284 514
284 527
284 540
284 549
284 553
284 580
284 595
284 602
284 612
284 627
284 663
284 668
284 674
284 687
284 705
284 722
284 725
284 731
284 734
284 735
284 760
284 767
284 786
285 312
285 313
285 324
285 331
285 336
285 337
285 341
285 350
285 353
285 389
285 400
285 406
285 413
285 419
285 430
285 431
285 445
285 448
285 471
285 490
285 525
285 527
285 529
285 530
285 534
285 539
285 561
285 563
285 564
285 596
285 598
285 607
285 616
285 622
285 634
285 637
285 646
285 652
285 655
285 658
285 670
285 675
285 676
285 682
285 694
285 695
285 715
285 721
285 740
285 754
285 755
285 780
285 800
286 291
286 292
286 295
286 297
286 299
286 304
286 344
286 359
286 365
286 396
286 400
286 432
286 433
286 437
286 444
286 448
286 455
286 497
286 509
286 513
286 514
286 517
286 537
286 544
286 549
286 551
286 552
286 557
286 564
286 587
286 602
286 607
286 609
286 622
286 634
286 643
286 658
286 664
286 669
286 682
286 706
286 712
286 717
286 723
286 754
286 756
286 760
286 774
286 785
286 793
286 794
287 294
287 334
287 346
287 349
287 380
287 397
287 439
287 443
287 498
287 525
287 527
287 533
287 539
287 541
287 554
287 558
287 566
287 568
287 574
287 586
287 594
287 611
287 613
287 615
287 621
287 643
287 648
287 670
287 694
287 706
287 718
287 721
287 722
287 723
287 731
287 734
287 743
287 757
287 780
287 781
287 783
287 784
287 789
288 292
288 343
288 367
288 380
288 387
288 388
288 401
288 426
288 447
288 497
288 504
288 531
288 539
288 568
288 573
288 576
288 581
288 599
288 602
288 629
288 631
288 632
288 640
288 645
288 653
288 654
288 667
288 675
288 678
288 680
288 721
288 730
288 757
288 762
288 768
288 776
288 784
289 292
289 309
289 329
289 333
289 335
289 336
289 352
289 361
289 364
289 376
289 389
289 405
289 416
289 424
289 452
289 479
289 494
289 511
289 512
289 516
289 517
289 527
289 530
289 560
289 574
289 591
289 620
289 625
289 626
289 629
289 638
289 649
289 657
289 671
289 678
289 703
289 711
289 719
289 725
289 741
289 756
289 776
289 783
290 299
290 359
290 369
290 370
290 372
290 374
290 397
290 419
290 451
290 456
290 463
290 464
290 472
290 497
290 502
290 521
290 522
290 533
290 536
290 543
290 545
290 557
290 570
290 574
290 608
290 612
290 615
290 618
290 622
290 629
290 655
290 666
290 676
290 678
290 693
290 715
290 751
290 755
290 770
290 774
290 781
290 782
290 783
290 796
291 306
291 310
291 315
291 317
291 323
291 331
291 340
291 342
291 346
291 348
291 350
291 352
291 354
291 378
291 385
291 409
291 414
291 424
291 438
291 465
291 467
291 492
291 505
291 512
291 522
291 531
291 538
291 545
291 549
291 561
291 568
291 582
291 593
291 596
291 599
291 614
291 633
291 634
291 641
291 684
291 706
291 732
291 739
291 762
291 778
291 779
292 298
292 302
292 303
292 305
292 322
292 331
292 337
292 345
292 359
292 366
292 375
292 395
292 399
292 403
292 413
292 415
292 431
292 442
292 481
292 485
292 490
292 499
292 533
292 540
292 544
292 560
292 604
292 615
292 620
292 626
292 638
292 657
292 671
292 694
292 725
292 727
292 732
292 745
292 752
292 753
292 758
292 759
292 764
292 768
292 773
292 783
292 792
293 295
293 296
293 302
293 305
293 322
293 340
293 349
293 385
293 389
293 401
293 420
293 430
293 437
293 440
293 446
293 460
293 481
293 500
293 522
293 523
293 535
293 540
293 543
293 560
293 578
293 579
293 595
293 599
293 624
293 635
293 649
293 662
293 668
293 684
293 724
293 733
293 766
293 770
293 776
293 778
293 783
293 793
294 295
294 302
294 303
294 326
294 335
294 352
294 356
294 400
294 409
294 427
294 431
294 459
294 464
294 469
294 496
294 510
294 532
294 541
294 554
294 564
294 595
294 639
294 669
294 673
294 678
294 686
294 709
294 712
294 715
294 720
294 724
294 732
294 735
294 739
294 753
294 776
294 782
294 784
295 302
295 326
295 337
295 354
295 367
295 371
295 374
295 376
295 384
295 391
295 401
295 410
295 412
295 463
295 468
295 483
295 493
295 544
295 549
295 557
295 606
295 607
295 634
295 636
295 645
295 646
295 652
295 658
295 660
295 665
295 669
295 697
295 702
295 743
295 754
295 756
295 785
295 799
296 297
296 299
296 302
296 304
296 308
296 318
296 338
296 346
296 367
296 383
296 389
296 405
296 415
296 416
296 463
296 491
296 503
296 508
296 533
296 539
296 551
296 555
296 579
296 581
296 584
296 598
296 604
296 605
296 609
296 620
296 622
296 663
296 664
296 680
296 694
296 695
296 710
296 711
296 713
296 720
296 753
296 760
296 765
296 777
296 786
297 317
297 353
297 357
297 360
297 368
297 371
297 380
297 386
297 387
297 404
297 440
297 447
297 460
297 537
297 542
297 548
297 564
297 576
297 578
297 583
297 584
297 594
297 597
297 599
297 608
297 615
297 617
297 635
297 687
297 691
297 694
297 710
297 732
297 735
297 749
297 763
297 774
297 788
297 792
297 796
298 320
298 332
298 335
298 356
298 380
298 386
298 397
298 433
298 437
298 460
298 471
298 478
298 502
298 518
298 543
298 569
298 574
298 581
298 586
298 614
298 621
298 622
298 624
298 629
298 632
298 639
298 644
298 647
298 649
298 654
298 664
298 669
298 673
298 708
298 711
298 729
298 741
298 744
298 750
298 756
298 765
298 768
298 771
298 777
298 794
299 327
299 340
299 353
299 362
299 391
299 393
299 409
299 414
299 421
299 430
299 454
299 482
299 495
299 503
299 512
299 520
299 545
299 546
299 554
299 564
299 585
299 594
299 641
299 650
299 679
299 692
299 718
299 726
299 731
299 737
299 757
299 759
299 771
299 779
299 790
300 312
300 344
300 353
300 362
300 367
300 377
300 381
300 384
300 391
300 400
300 407
300 412
300 422
300 423
300 424
300 438
300 442
300 454
300 463
300 475
300 501
300 518
300 536
300 541
300 558
300 561
300 562
300 578
300 587
300 598
300 610
300 624
300 627
300 629
300 638
300 655
300 656
300 668
300 694
300 708
300 715
300 716
300 722
300 737
300 778
300 780
300 783
301 338
301 348
301 363
301 377
301 407
301 413
301 415
301 423
301 460
301 476
301 480
301 511
301 514
301 525
301 532
301 536
301 545
301 570
301 628
301 634
301 644
301 650
301 666
301 673
301 682
301 692
301 702
301 712
301 733
301 742
301 743
301 747
301 757
301 776
301 777
301 796
302 341
302 353
302 366
302 398
302 427
302 450
302 451
302 459
302 465
302 468
302 475
302 491
302 501
302 510
302 523
302 524
302 534
302 543
302 552
302 558
302 572
302 573
302 593
302 596
302 602
302 606
302 629
302 641
302 643
302 675
302 681
302 692
302 703
302 716
302 753
302 760
302 761
302 765
302 768
302 776
302 785
302 795
302 800
303 323
303 334
303 359
303 366
303 383
303 388
303 411
303 413
303 443
303 482
303 491
303 499
303 503
303 514
303 520
303 562
303 581
303 589
303 598
303 617
303 645
303 665
303 672
303 679
303 683
303 689
303 694
303 701
303 708
303 717
303 727
303 730
303 751
303 754
303 763
303 772
303 777
303 778
303 787
304 309
304 314
304 316
304 361
304 381
304 383
304 387
304 407
304 444
304 445
304 475
304 497
304 523
304 531
304 538
304 544
304 553
304 571
304 579
304 585
304 594
304 640
304 674
304 685
304 698
304 723
304 737
304 751
304 779
304 790
304 791
305 317
305 324
305 325
305 335
305 352
305 362
305 391
305 404
305 422
305 432
305 459
305 464
305 472
305 484
305 487
305 491
305 502
305 505
305 510
305 511
305 528
305 530
305 540
305 541
305 546
305 549
305 553
305 555
305 565
305 570
305 571
305 583
305 596
305 607
305 613
305 651
305 661
305 670
305 679
305 707
305 731
305 733
305 737
305 741
305 742
305 757
305 786
305 793
306 311
306 324
306 344
306 346
306 357
306 363
306 384
306 412
306 421
306 441
306 450
306 459
306 461
306 465
306 472
306 499
306 537
306 538
306 539
306 545
306 547
306 564
306 571
306 580
306 587
306 610
306 613
306 619
306 629
306 630
306 640
306 676
306 680
306 684
306 686
306 698
306 700
306 703
306 708
306 721
306 734
306 736
306 741
306 745
306 751
306 756
306 779
306 789
306 792
306 796
307 318
307 322
307 369
307 376
307 385
307 406
307 422
307 435
307 436
307 451
307 466
307 470
307 501
307 544
307 564
307 567
307 580
307 589
307 592
307 602
307 613
307 625
307 629
307 638
307 640
307 674
307 699
307 712
307 713
307 715
307 728
307 745
307 753
307 754
307 771
307 779
307 785
307 794
307 798
307 800
308 311
308 331
308 335
308 353
308 360
308 376
308 394
308 409
308 445
308 455
308 471
308 506
308 529
308 548
308 569
308 587
308 606
308 625
308 647
308 653
308 661
308 666
308 672
308 675
308 676
308 694
308 696
308 698
308 719
308 729
308 730
308 753
308 775
308 780
308 781
308 783
308 786
308 787
309 312
309 315
309 326
309 329
309 332
309 356
309 361
309 372
309 384
309 389
309 391
309 408
309 409
309 411
309 438
309 444
309 449
309 467
309 476
309 484
309 490
309 503
309 504
309 510
309 566
309 623
309 642
309 643
309 678
309 680
309 702
309 704
309 735
309 745
309 750
309 754
309 763
309 776
309 792
310 336
310 345
310 373
310 380
310 388
310 426
310 455
310 459
310 502
310 527
310 528
310 540
310 547
310 568
310 576
310 579
310 600
310 618
310 639
310 640
310 652
310 674
310 683
310 693
310 737
310 742
310 750
310 758
310 768
310 771
310 796
311 330
311 333
311 339
311 341
311 343
311 348
311 353
311 363
311 375
311 402
311 458
311 471
311 474
311 481
311 485
311 487
311 498
311 499
311 507
311 509
311 537
311 550
311 615
311 624
311 632
311 639
311 656
311 664
311 668
311 674
311 690
311 695
311 705
311 715
311 737
311 747
311 750
311 753
311 762
311 777
311 788
311 792
312 317
312 336
312 356
312 360
312 393
312 394
312 418
312 439
312 463
312 465
312 480
312 495
312 517
312 531
312 533
312 536
312 546
312 559
312 610
312 612
312 619
312 625
312 635
312 648
312 661
312 670
312 680
312 684
312 721
312 723
312 729
312 732
312 777
312 800
313 332
313 336
313 337
313 368
313 399
313 402
313 406
313 407
313 420
313 422
313 429
313 431
313 434
313 436
313 455
313 477
313 478
313 486
313 505
313 534
313 552
313 566
313 572
313 580
313 600
313 611
313 625
313 631
313 638
313 669
313 677
313 680
313 685
313 709
313 711
313 733
313 754
314 320
314 330
314 331
314 376
314 379
314 384
314 388
314 389
314 399
314 407
314 417
314 425
314 447
314 458
314 459
314 464
314 474
314 479
314 481
314 494
314 495
314 516
314 518
314 530
314 560
314 569
314 587
314 608
314 612
314 623
314 649
314 657
314 664
314 744
314 752
314 759
314 792
314 797
314 800
315 326
315 356
315 358
315 381
315 383
315 389
315 393
315 394
315 404
315 417
315 431
315 433
315 463
315 467
315 468
315 477
315 481
315 498
315 517
315 521
315 531
315 552
315 553
315 558
315 559
315 608
315 639
315 659
315 660
315 663
315 680
315 707
315 708
315 710
315 711
315 720
315 738
315 796
316 345
316 347
316 355
316 366
316 386
316 405
316 433
316 437
316 439
316 452
316 457
316 467
316 471
316 479
316 484
316 490
316 495
316 505
316 522
316 555
316 565
316 581
316 597
316 633
316 637
316 652
316 663
316 673
316 680
316 681
316 684
316 691
316 703
316 714
316 735
316 747
316 754
316 761
316 779
317 388
317 396
317 414
317 427
317 480
317 483
317 488
317 505
317 576
317 597
317 613
317 617
317 620
317 667
317 691
317 694
317 698
317 700
317 717
317 726
317 732
317 737
317 749
317 756
317 757
317 784
317 788
317 795
318 328
318 346
318 352
318 366
318 379
318 383
318 396
318 398
318 422
318 430
318 443
318 454
318 468
318 472
318 490
318 502
318 507
318 523
318 531
318 536
318 542
318 546
318 551
318 552
318 559
318 574
318 600
318 614
318 615
318 625
318 631
318 634
318 639
318 644
318 646
318 650
318 657
318 670
318 672
318 677
318 686
318 693
318 712
318 744
318 748
318 753
318 759
318 778
318 789
318 800
319 320
319 321
319 325
319 327
319 356
319 360
319 394
319 401
319 403
319 406
319 419
319 422
319 427
319 429
319 450
319 454
319 457
319 465
319 466
319 480
319 481
319 485
319 497
319 519
319 539
319 542
319 543
319 551
319 565
319 579
319 583
319 587
319 628
319 663
319 674
319 690
319 700
319 765
320 327
320 345
320 350
320 352
320 355
320 356
320 366
320 380
320 381
320 392
320 415
320 418
320 425
320 429
320 430
320 431
320 455
320 466
320 469
320 486
320 491
320 494
320 532
320 536
320 553
320 588
320 613
320 624
320 660
320 677
320 678
320 680
320 710
320 712
320 714
320 725
320 749
321 332
321 333
321 361
321 363
321 366
321 368
321 378
321 393
321 395
321 402
321 403
321 404
321 408
321 432
321 433
321 441
321 444
321 446
321 452
321 462
321 468
321 471
321 483
321 490
321 495
321 528
321 547
321 562
321 572
321 586
321 593
321 602
321 605
321 606
321 611
321 625
321 630
321 642
321 650
321 685
321 697
321 743
321 747
321 769
321 770
321 782
321 792
322 324
322 328
322 330
322 345
322 351
322 354
322 355
322 370
322 372
322 385
322 433
322 434
322 441
322 445
322 447
322 461
322 495
322 499
322 504
322 512
322 521
322 531
322 543
322 547
322 563
322 582
322 587
322 588
322 600
322 607
322 617
322 631
322 640
322 642
322 656
322 663
322 677
322 700
322 705
322 717
322 720
322 738
322 792
323 339
323 377
323 391
323 407
323 413
323 416
323 418
323 443
323 454
323 465
323 466
323 470
323 488
323 506
323 510
323 515
323 560
323 587
323 603
323 621
323 661
323 672
323 675
323 709
323 718
323 723
323 732
323 733
323 739
323 742
323 743
323 768
324 346
324 354
324 362
324 373
324 382
324 385
324 393
324 399
324 402
324 432
324 439
324 448
324 462
324 464
324 470
324 474
324 493
324 511
324 537
324 552
324 555
324 580
324 585
324 596
324 615
324 626
324 627
324 640
324 648
324 661
324 677
324 678
324 711
324 733
324 736
324 738
324 754
324 756
324 759
324 761
324 765
324 772
324 775
324 798
325 332
325 340
325 373
325 394
325 406
325 424
325 437
325 461
325 465
325 483
325 485
325 494
325 515
325 529
325 556
325 565
325 590
325 598
325 621
325 622
325 638
325 654
325 674
325 682
325 685
325 705
325 711
325 717
325 721
325 739
325 750
325 762
325 783
325 784
325 792
325 793
325 794
326 349
326 353
326 391
326 400
326 416
326 456
326 470
326 474
326 489
326 495
326 515
326 524
326 558
326 579
326 609
326 622
326 624
326 641
326 642
326 660
326 676
326 680
326 687
326 688
326 695
326 702
326 720
326 721
326 735
326 746
326 749
326 754
326 787
327 335
327 378
327 384
327 386
327 422
327 423
327 468
327 481
327 484
327 489
327 494
327 495
327 497
327 498
327 507
327 521
327 537
327 558
327 580
327 589
327 596
327 629
327 630
327 643
327 668
327 675
327 703
327 711
327 712
327 717
327 725
327 729
327 730
327 738
327 754
327 776
327 779
328 348
328 349
328 351
328 354
328 358
328 366
328 367
328 385
328 410
328 425
328 429
328 445
328 452
328 461
328 465
328 494
328 502
328 508
328 513
328 519
328 520
328 523
328 532
328 535
328 552
328 557
328 560
328 565
328 578
328 598
328 630
328 646
328 654
328 664
328 683
328 709
328 715
328 726
328 757
328 762
328 775
328 789
328 794
329 333
329 334
329 343
329 351
329 367
329 369
329 373
329 377
329 398
329 402
329 411
329 445
329 468
329 484
329 527
329 562
329 573
329 579
329 597
329 603
329 613
329 633
329 635
329 638
329 657
329 658
329 687
329 691
329 706
329 712
329 729
329 737
329 745
329 761
329 774
329 799
330 331
330 335
330 342
330 356
330 378
330 379
330 407
330 419
330 431
330 432
330 436
330 445
330 500
330 527
330 535
330 562
330 592
330 617
330 621
330 642
330 664
330 691
330 702
330 704
330 708
330 714
330 756
330 772
330 776
330 777
330 787
330 800
331 337
331 343
331 347
331 350
331 352
331 359
331 381
331 397
331 408
331 425
331 432
331 465
331 467
331 470
331 479
331 502
331 504
331 508
331 541
331 551
331 577
331 582
331 592
331 613
331 627
331 635
331 654
331 679
331 683
331 697
331 699
331 703
331 736
331 753
331 759
331 768
331 781
331 782
331 792
331 795
332 345
332 364
332 366
332 371
332 400
332 405
332 430
332 434
332 471
332 473
332 474
332 483
332 498
332 527
332 534
332 537
332 549
332 563
332 571
332 615
332 616
332 638
332 652
332 673
332 703
332 705
332 710
332 711
332 731
332 733
332 736
332 764
332 772
332 778
332 794
333 339
333 381
333 394
333 425
333 449
333 450
333 468
333 478
333 482
333 484
333 531
333 535
333 537
333 556
333 560
333 571
333 585
333 617
333 621
333 639
333 644
333 645
333 665
333 687
333 689
333 693
333 726
333 728
333 742
333 747
333 760
333 788
333 789
333 796
334 340
334 357
334 371
334 380
334 385
334 386
334 391
334 400
334 405
334 416
334 444
334 456
334 464
334 469
334 504
334 510
334 520
334 529
334 534
334 546
334 569
334 575
334 591
334 598
334 602
334 613
334 628
334 644
334 645
334 672
334 678
334 687
334 702
334 709
334 714
334 728
334 738
334 740
334 742
334 768
334 787
335 358
335 375
335 383
335 404
335 415
335 437
335 481
335 503
335 510
335 528
335 548
335 574
335 577
335 584
335 586
335 591
335 595
335 597
335 598
335 622
335 624
335 643
335 651
335 674
335 689
335 692
335 723
335 733
335 776
335 785
335 787
335 798
336 355
336 390
336 396
336 411
336 418
336 423
336 443
336 450
336 452
336 472
336 474
336 482
336 504
336 539
336 572
336 580
336 594
336 604
336 620
336 636
336 658
336 664
336 682
336 698
336 708
336 714
336 721
336 722
336 730
336 733
336 737
336 740
336 744
336 754
336 757
336 797
336 798
337 341
337 343
337 352
337 373
337 379
337 391
337 411
337 426
337 451
337 454
337 484
337 487
337 488
337 506
337 508
337 509
337 533
337 545
337 563
337 564
337 566
337 577
337 587
337 590
337 600
337 634
337 642
337 648
337 653
337 656
337 692
337 697
337 699
337 716
337 724
337 727
337 732
337 756
337 761
337 762
337 787
337 789
338 345
338 349
338 351
338 388
338 418
338 444
338 477
338 491
338 493
338 494
338 495
338 502
338 506
338 512
338 531
338 533
338 617
338 619
338 638
338 663
338 676
338 688
338 692
338 701
338 712
338 722
338 724
338 728
338 751
338 789
339 342
339 377
339 383
339 403
339 437
339 504
339 513
339 540
339 560
339 573
339 578
339 597
339 598
339 600
339 616
339 617
339 632
339 641
339 643
339 667
339 671
339 689
339 705
339 706
339 731
339 736
339 765
339 786
340 347
340 349
340 368
340 381
340 400
340 416
340 423
340 428
340 437
340 460
340 461
340 471
340 478
340 481
340 492
340 497
340 508
340 512
340 541
340 543
340 549
340 559
340 567
340 576
340 579
340 591
340 607
340 635
340 639
340 643
340 677
340 688
340 695
340 703
340 707
340 712
340 721
340 742
340 751
340 760
340 775
340 779
340 786
340 792
340 799
341 358
341 361
341 367
341 375
341 376
341 387
341 388
341 406
341 407
341 410
341 420
341 421
341 444
341 449
341 468
341 477
341 480
341 487
341 503
341 523
341 532
341 534
341 537
341 569
341 579
341 581
341 591
341 600
341 607
341 624
341 634
341 636
341 657
341 663
341 702
341 718
341 721
341 743
341 747
341 771
341 778
341 791
342 344
342 352
342 354
342 366
342 401
342 414
342 420
342 431
342 439
342 464
342 510
342 520
342 530
342 549
342 560
342 562
342 563
342 566
342 592
342 614
342 621
342 657
342 660
342 665
342 666
342 674
342 684
342 690
342 728
342 731
342 743
342 773
342 777
342 781
343 363
343 369
343 390
343 395
343 431
343 443
343 453
343 454
343 476
343 478
343 503
343 509
343 512
343 522
343 539
343 544
343 561
343 578
343 582
343 596
343 604
343 615
343 622
343 631
343 644
343 651
343 662
343 669
343 671
343 681
343 702
343 706
343 718
343 719
343 728
343 742
343 753
343 760
343 773
344 354
344 368
344 375
344 382
344 393
344 394
344 400
344 423
344 430
344 432
344 451
344 514
344 518
344 521
344 546
344 572
344 578
344 587
344 623
344 626
344 635
344 636
344 640
344 641
344 662
344 664
344 699
344 706
344 707
344 740
344 742
344 758
344 772
344 774
344 776
344 787
345 353
345 360
345 372
345 391
345 406
345 409
345 418
345 433
345 448
345 449
345 464
345 466
345 468
345 477
345 488
345 493
345 501
345 514
345 521
345 541
345 566
345 576
345 612
345 617
345 635
345 674
345 696
345 717
345 725
345 730
345 738
345 747
345 752
345 768
346 348
346 355
346 360
346 366
346 387
346 389
346 402
346 407
346 420
346 448
346 463
346 494
346 517
346 528
346 533
346 557
346 570
346 574
346 578
346 588
346 591
346 632
346 640
346 665
346 682
346 689
346 722
346 723
346 731
346 737
346 740
346 742
346 755
346 757
346 771
346 792
347 357
347 365
347 372
347 383
347 398
347 403
347 405
347 418
347 438
347 452
347 460
347 461
347 482
347 493
347 502
347 503
347 507
347 510
347 548
347 549
347 555
347 565
347 586
347 622
347 635
347 648
347 651
347 671
347 681
347 699
347 700
347 711
347 713
347 726
347 735
347 741
347 768
347 773
347 777
347 796
347 799
348 349
348 355
348 361
348 366
348 372
348 426
348 431
348 434
348 435
348 466
348 468
348 479
348 496
348 506
348 535
348 551
348 559
348 563
348 568
348 572
348 595
348 597
348 605
348 616
348 632
348 667
348 689
348 691
348 713
348 721
348 724
348 732
348 736
348 745
348 757
348 766
348 770
348 786
348 796
349 351
349 376
349 390
349 404
349 413
349 459
349 478
349 483
349 488
349 505
349 508
349 510
349 522
349 531
349 549
349 553
349 569
349 574
349 575
349 579
349 583
349 600
349 607
349 613
349 623
349 629
349 677
349 685
349 692
349 701
349 715
349 720
349 741
349 743
349 744
349 747
349 770
349 782
350 358
350 390
350 395
350 402
350 405
350 407
350 434
350 439
350 445
350 446
350 463
350 468
350 499
350 508
350 522
350 523
350 525
350 527
350 541
350 589
350 596
350 616
350 618
350 630
350 682
350 688
350 703
350 706
350 718
350 749
350 751
350 771
350 776
350 779
350 784
351 354
351 358
351 391
351 396
351 449
351 469
351 492
351 497
351 502
351 506
351 507
351 522
351 523
351 549
351 568
351 576
351 581
351 582
351 586
351 587
351 598
351 608
351 611
351 618
351 632
351 641
351 644
351 653
351 660
351 665
351 682
351 687
351 688
351 690
351 737
351 739
351 764
351 787
351 796
351 797
352 364
352 370
352 374
352 384
352 389
352 398
352 406
352 516
352 533
352 537
352 539
352 552
352 591
352 609
352 618
352 627
352 631
352 634
352 650
352 651
352 653
352 665
352 687
352 688
352 692
352 696
352 697
352 712
352 719
352 720
352 732
352 744
352 773
352 785
352 793
353 368
353 373
353 378
353 383
353 396
353 421
353 430
353 444
353 460
353 464
353 466
353 467
353 472
353 474
353 477
353 479
353 484
353 491
353 510
353 515
353 520
353 533
353 547
353 602
353 606
353 668
353 671
353 704
353 707
353 725
353 754
353 779
354 378
354 394
354 395
354 401
354 406
354 425
354 434
354 448
354 451
354 457
354 478
354 491
354 522
354 537
354 549
354 572
354 573
354 577
354 579
354 588
354 598
354 600
354 606
354 627
354 663
354 680
354 681
354 690
354 698
354 712
354 717
354 718
354 730
354 731
354 734
354 772
354 797
355 360
355 388
355 393
355 397
355 402
355 422
355 426
355 453
355 458
355 468
355 471
355 483
355 484
355 524
355 535
355 538
355 574
355 575
355 606
355 631
355 635
355 637
355 639
355 642
355 679
355 684
355 694
355 725
355 730
355 733
355 734
355 740
355 743
355 748
355 750
355 758
355 772
355 786
355 790
355 793
356 384
356 416
356 425
356 460
356 468
356 476
356 482
356 491
356 493
356 494
356 553
356 559
356 560
356 598
356 608
356 623
356 650
356 651
356 655
356 657
356 677
356 687
356 693
356 702
356 707
356 716
356 729
356 739
356 743
356 755
356 779
356 787
356 788
357 359
357 382
357 387
357 388
357 392
357 412
357 419
357 420
357 451
357 463
357 465
357 466
357 471
357 474
357 496
357 499
357 510
357 518
357 557
357 562
357 589
357 600
357 626
357 633
357 643
357 650
357 656
357 694
357 715
357 721
357 722
357 726
357 739
357 756
357 760
357 762
357 765
357 766
357 778
357 794
358 386
358 388
358 393
358 398
358 403
358 416
358 423
358 472
358 474
358 488
358 525
358 545
358 548
358 550
358 605
358 635
358 648
358 652
358 662
358 666
358 675
358 676
358 704
358 709
358 712
358 730
358 761
358 787
359 379
359 398
359 400
359 430
359 472
359 475
359 481
359 483
359 491
359 510
359 540
359 558
359 560
359 575
359 611
359 617
359 622
359 625
359 626
359 631
359 664
359 670
359 687
359 699
359 704
359 707
359 714
359 722
359 735
359 737
359 746
359 779
359 791
360 367
360 401
360 404
360 433
360 460
360 464
360 480
360 481
360 488
360 502
360 514
360 518
360 522
360 529
360 549
360 556
360 586
360 638
360 657
360 687
360 704
360 708
360 713
360 744
360 761
360 769
360 773
360 782
360 790
360 793
360 798
360 800
361 371
361 377
361 389
361 427
361 443
361 493
361 516
361 532
361 533
361 551
361 579
361 582
361 599
361 617
361 633
361 636
361 638
361 642
361 644
361 660
361 689
361 701
361 702
361 713
361 733
361 735
361 736
361 740
361 741
361 756
361 758
361 764
361 782
361 790
361 795
362 375
362 388
362 389
362 397
362 403
362 406
362 408
362 410
362 432
362 443
362 444
362 461
362 466
362 500
362 506
362 509
362 516
362 518
362 524
362 526
362 546
362 548
362 576
362 620
362 635
362 653
362 661
362 663
362 670
362 687
362 691
362 692
362 703
362 747
362 758
362 765
362 768
362 782
362 786
363 382
363 389
363 391
363 396
363 401
363 405
363 411
363 429
363 435
363 439
363 456
363 457
363 468
363 478
363 486
363 494
363 506
363 513
363 537
363 547
363 550
363 564
363 570
363 572
363 573
363 581
363 585
363 595
363 628
363 652
363 674
363 690
363 698
363 712
363 713
363 730
363 745
363 750
363 759
363 760
363 763
363 766
364 383
364 390
364 395
364 431
364 437
364 441
364 490
364 494
364 506
364 507
364 510
364 513
364 523
364 525
364 537
364 547
364 551
364 566
364 592
364 604
364 605
364 615
364 628
364 643
364 659
364 683
364 717
364 737
364 742
364 746
364 757
364 773
364 792
364 797
364 798
364 800
365 368
365 370
365 375
365 381
365 404
365 456
365 461
365 467
365 468
365 481
365 484
365 496
365 502
365 523
365 531
365 576
365 621
365 647
365 678
365 679
365 742
365 745
365 746
365 749
365 750
365 766
365 770
365 786
366 381
366 404
366 405
366 478
366 502
366 543
366 545
366 562
366 564
366 571
366 577
366 580
366 588
366 594
366 610
366 611
366 613
366 632
366 633
366 644
366 677
366 702
366 731
366 733
366 740
366 766
366 770
366 796
366 798
367 368
367 369
367 370
367 377
367 382
367 383
367 409
367 424
367 429
367 433
367 450
367 452
367 458
367 486
367 505
367 513
367 526
367 535
367 538
367 582
367 585
367 624
367 627
367 664
367 694
367 719
367 720
367 724
367 743
367 744
367 759
367 760
367 781
367 792
368 369
368 373
368 375
368 383
368 390
368 432
368 444
368 457
368 468
368 475
368 481
368 482
368 487
368 495
368 505
368 515
368 516
368 529
368 542
368 544
368 571
368 573
368 590
368 592
368 620
368 622
368 628
368 633
368 637
368 640
368 656
368 688
368 703
368 722
368 735
368 747
368 764
368 785
368 798
369 390
369 423
369 424
369 439
369 454
369 486
369 503
369 530
369 558
369 574
369 584
369 596
369 600
369 606
369 616
369 625
369 632
369 640
369 689
369 690
369 714
369 717
369 724
369 774
369 776
369 777
369 785
369 789
369 790
370 396
370 398
370 414
370 416
370 422
370 444
370 466
370 479
370 495
370 509
370 526
370 608
370 615
370 617
370 653
370 665
370 667
370 677
370 680
370 685
370 703
370 718
370 721
370 722
370 730
370 740
370 782
370 793
371 410
371 415
371 458
371 460
371 463
371 468
371 485
371 487
371 492
371 542
371 545
371 553
371 558
371 560
371 572
371 574
371 590
371 592
371 611
371 617
371 628
371 664
371 669
371 687
371 706
371 724
371 726
371 772
371 795
372 373
372 381
372 388
372 395
372 436
372 444
372 459
372 460
372 465
372 479
372 480
372 487
372 491
372 511
372 514
372 523
372 531
372 534
372 535
372 552
372 590
372 598
372 607
372 609
372 622
372 652
372 654
372 655
372 660
372 672
372 680
372 699
372 712
372 718
372 726
372 738
372 740
372 742
372 754
372 783
373 410
373 419
373 425
373 451
373 465
373 479
373 507
373 523
373 540
373 545
373 556
373 566
373 586
373 631
373 636
373 644
373 659
373 691
373 697
373 708
373 709
373 723
373 746
373 766
374 387
374 388
374 401
374 418
374 489
374 513
374 516
374 535
374 536
374 568
374 575
374 582
374 595
374 597
374 598
374 599
374 626
374 631
374 633
374 637
374 644
374 653
374 655
374 656
374 694
374 708
374 713
374 727
374 733
374 735
374 772
374 781
374 787
375 390
375 395
375 397
375 408
375 413
375 414
375 416
375 428
375 448
375 453
375 468
375 477
375 485
375 501
375 512
375 555
375 556
375 589
375 620
375 633
375 636
375 640
375 650
375 651
375 659
375 662
375 694
375 712
375 736
375 737
375 743
375 756
375 792
376 391
376 397
376 403
376 405
376 421
376 424
376 463
376 466
376 485
376 488
376 495
376 500
376 508
376 510
376 529
376 548
376 565
376 571
376 584
376 590
376 591
376 611
376 667
376 673
376 682
376 685
376 700
376 749
376 752
376 763
376 781
376 782
376 785
376 786
376 799
376 800
377 385
377 386
377 389
377 398
377 401
377 404
377 423
377 443
377 447
377 465
377 466
377 480
377 514
377 550
377 558
377 562
377 564
377 582
377 594
377 597
377 615
377 632
377 636
377 650
377 678
377 681
377 682
377 684
377 692
377 716
377 720
377 721
377 726
377 727
377 730
377 736
377 750
377 753
377 773
377 788
378 380
378 407
378 417
378 419
378 447
378 448
378 457
378 468
378 469
378 472
378 478
378 484
378 492
378 519
378 522
378 535
378 544
378 574
378 586
378 601
378 605
378 612
378 613
378 614
378 659
378 678
378 679
378 694
378 705
378 733
378 745
378 755
378 769
378 778
378 785
378 800
379 381
379 384
379 387
379 392
379 403
379 416
379 432
379 435
379 445
379 446
379 460
379 466
379 470
379 496
379 504
379 514
379 524
379 579
379 586
379 611
379 620
379 631
379 640
379 655
379 659
379 661
379 682
379 695
379 705
379 713
379 721
379 746
379 752
379 753
379 756
379 771
379 780
380 398
380 405
380 443
380 454
380 477
380 505
380 512
380 537
380 542
380 546
380 557
380 576
380 600
380 610
380 628
380 635
380 662
380 706
380 712
380 720
380 723
380 726
380 731
380 732
380 735
380 747
380 767
381 423
381 428
381 453
381 458
381 463
381 469
381 470
381 487
381 495
381 510
381 511
381 525
381 549
381 551
381 558
381 603
381 605
381 621
381 623
381 624
381 661
381 704
381 709
381 722
381 762
381 771
382 414
382 421
382 422
382 437
382 442
382 457
382 469
382 475
382 497
382 532
382 551
382 573
382 577
382 606
382 616
382 641
382 644
382 649
382 669
382 672
382 688
382 722
382 768
382 772
382 795
383 390
383 407
383 422
383 429
383 434
383 438
383 444
383 446
383 493
383 506
383 513
383 514
383 526
383 559
383 561
383 564
383 565
383 569
383 574
383 582
383 586
383 598
383 601
383 608
383 610
383 612
383 622
383 623
383 625
383 645
383 648
383 651
383 658
383 660
383 661
383 682
383 720
383 749
384 387
384 398
384 446
384 450
384 479
384 532
384 535
384 542
384 603
384 605
384 613
384 624
384 636
384 637
384 650
384 653
384 662
384 669
384 695
384 696
384 697
384 702
384 708
384 727
384 741
384 763
385 428
385 429
385 445
385 451
385 480
385 482
385 492
385 502
385 510
385 544
385 545
385 547
385 560
385 576
385 584
385 586
385 612
385 620
385 631
385 645
385 660
385 662
385 665
385 668
385 694
385 743
385 759
385 760
385 762
385 780
385 789
385 795
385 800
386 397
386 440
386 444
386 458
386 477
386 492
386 498
386 520
386 524
386 534
386 542
386 543
386 544
386 548
386 560
386 561
386 574
386 581
386 590
386 591
386 602
386 605
386 620
386 651
386 660
386 675
386 699
386 709
386 717
386 755
386 762
387 419
387 444
387 445
387 446
387 452
387 455
387 459
387 515
387 517
387 522
387 537
387 541
387 543
387 574
387 575
387 584
387 591
387 592
387 597
387 631
387 637
387 638
387 656
387 689
387 712
387 720
387 730
387 733
387 735
387 738
387 740
387 755
387 777
387 786
387 788
387 794
387 797
387 798
388 416
388 431
388 438
388 469
388 479
388 502
388 520
388 533
388 534
388 535
388 540
388 552
388 557
388 574
388 586
388 594
388 617
388 619
388 635
388 638
388 649
388 654
388 683
388 690
388 691
388 715
388 737
388 742
388 751
388 792
389 390
389 400
389 413
389 419
389 445
389 450
389 467
389 478
389 482
389 501
389 511
389 513
389 522
389 541
389 552
389 556
389 559
389 568
389 592
389 602
389 613
389 614
389 637
389 645
389 668
389 678
389 681
389 704
389 707
389 716
389 730
389 731
389 739
389 754
389 768
389 777
389 793
390 404
390 409
390 416
390 440
390 449
390 467
390 488
390 494
390 497
390 508
390 526
390 528
390 553
390 558
390 559
390 562
390 571
390 575
390 584
390 587
390 592
390 610
390 614
390 629
390 635
390 676
390 687
390 689
390 693
390 701
390 708
390 709
390 725
390 734
390 744
390 751
390 759
390 767
390 774
391 393
391 414
391 452
391 457
391 485
391 501
391 526
391 531
391 556
391 572
391 580
391 596
391 608
391 610
391 618
391 627
391 659
391 668
391 677
391 726
391 728
391 730
391 734
391 739
391 745
391 758
391 759
391 761
391 763
391 776
391 781
391 787
391 800
392 409
392 436
392 438
392 440
392 445
392 449
392 450
392 461
392 474
392 488
392 508
392 513
392 517
392 518
392 532
392 534
392 537
392 547
392 555
392 561
392 569
392 591
392 609
392 611
392 618
392 620
392 622
392 627
392 668
392 707
392 724
392 737
392 739
392 740
392 744
392 770
392 783
392 786
392 793
393 394
393 399
393 404
393 410
393 417
393 436
393 438
393 461
393 469
393 471
393 504
393 507
393 541
393 545
393 546
393 547
393 552
393 574
393 577
393 592
393 593
393 608
393 618
393 619
393 621
393 630
393 635
393 638
393 643
393 655
393 662
393 663
393 691
393 719
393 746
393 760
394 398
394 406
394 413
394 458
394 459
394 463
394 497
394 508
394 513
394 515
394 521
394 547
394 548
394 558
394 574
394 580
394 593
394 597
394 598
394 622
394 623
394 627
394 669
394 670
394 674
394 686
394 715
394 725
394 744
394 769
394 772
395 401
395 425
395 439
395 443
395 448
395 458
395 492
395 496
395 504
395 514
395 520
395 530
395 656
395 658
395 659
395 663
395 676
395 682
395 690
395 700
395 701
395 731
395 743
395 757
395 767
395 772
395 776
395 783
395 788
396 408
396 412
396 414
396 419
396 428
396 431
396 439
396 442
396 455
396 461
396 477
396 479
396 498
396 500
396 541
396 543
396 553
396 569
396 570
396 573
396 577
396 587
396 593
396 599
396 653
396 658
396 670
396 675
396 710
396 715
396 716
396 722
396 723
396 728
396 752
396 781
396 790
397 432
397 439
397 444
397 446
397 455
397 463
397 479
397 481
397 499
397 516
397 531
397 536
397 547
397 552
397 554
397 561
397 567
397 594
397 635
397 636
397 645
397 656
397 672
397 685
397 691
397 726
397 737
397 755
397 756
397 773
397 781
397 783
398 422
398 429
398 439
398 445
398 449
398 458
398 467
398 491
398 517
398 526
398 553
398 555
398 560
398 561
398 564
398 571
398 572
398 580
398 582
398 599
398 606
398 610
398 625
398 639
398 643
398 658
398 667
398 689
398 699
398 708
398 723
398 739
398 753
398 774
398 788
398 792
399 431
399 435
399 450
399 455
399 527
399 551
399 573
399 586
399 589
399 604
399 616
399 628
399 654
399 660
399 676
399 690
399 704
399 706
399 710
399 716
399 717
399 722
399 739
399 762
399 766
399 775
399 800
400 405
400 406
400 445
400 458
400 460
400 461
400 468
400 485
400 492
400 497
400 504
400 514
400 537
400 544
400 547
400 553
400 554
400 567
400 572
400 606
400 641
400 652
400 661
400 665
400 674
400 675
400 676
400 677
400 679
400 737
400 756
400 762
400 776
400 798
401 402
401 442
401 450
401 458
401 462
401 466
401 470
401 475
401 507
401 542
401 566
401 572
401 575
401 580
401 601
401 622
401 624
401 638
401 639
401 654
401 661
401 675
401 680
401 714
401 718
401 723
401 734
401 747
401 768
401 780
401 793
401 798
402 407
402 418
402 422
402 492
402 498
402 525
402 539
402 562
402 577
402 612
402 615
402 618
402 636
402 663
402 670
402 702
402 716
402 729
402 736
402 778
403 426
403 445
403 468
403 473
403 527
403 542
403 555
403 570
403 572
403 573
403 591
403 593
403 608
403 615
403 626
403 633
403 636
403 643
403 645
403 658
403 664
403 668
403 691
403 742
403 764
403 780
404 413
404 429
404 443
404 472
404 501
404 513
404 547
404 551
404 554
404 563
404 585
404 595
404 611
404 625
404 633
404 660
404 664
404 670
404 678
404 681
404 701
404 704
404 724
404 729
404 735
404 740
404 745
404 757
404 758
404 760
404 774
404 791
405 412
405 417
405 421
405 428
405 436
405 445
405 453
405 464
405 468
405 471
405 475
405 490
405 496
405 510
405 543
405 547
405 550
405 572
405 583
405 587
405 600
405 603
405 630
405 650
405 654
405 656
405 661
405 666
405 671
405 673
405 702
405 707
405 728
405 729
405 740
405 754
405 761
405 771
406 413
406 418
406 449
406 460
406 464
406 474
406 490
406 498
406 512
406 517
406 524
406 525
406 537
406 544
406 546
406 565
406 585
406 611
406 618
406 646
406 659
406 670
406 677
406 695
406 709
406 730
406 731
406 735
406 754
406 757
406 781
406 794
406 800
407 408
407 409
407 412
407 417
407 420
407 423
407 445
407 453
407 455
407 473
407 475
407 486
407 493
407 496
407 501
407 510
407 523
407 532
407 544
407 561
407 564
407 580
407 589
407 602
407 623
407 630
407 641
407 662
407 673
407 680
407 701
407 711
407 713
407 742
408 409
408 415
408 434
408 446
408 451
408 458
408 505
408 517
408 523
408 527
408 566
408 603
408 649
408 661
408 677
408 705
408 712
408 738
408 741
408 759
408 763
408 774
409 419
409 420
409 428
409 445
409 454
409 496
409 506
409 520
409 521
409 540
409 546
409 553
409 588
409 605
409 606
409 608
409 620
409 631
409 635
409 640
409 656
409 658
409 698
409 707
409 758
409 788
409 797
410 425
410 438
410 496
410 504
410 514
410 519
410 529
410 569
410 581
410 582
410 583
410 597
410 604
410 605
410 630
410 656
410 666
410 729
410 733
410 736
410 752
410 759
410 782
410 797
411 412
411 421
411 423
411 436
411 493
411 499
411 500
411 504
411 505
411 512
411 513
411 537
411 549
411 555
411 574
411 602
411 608
411 646
411 649
411 665
411 670
411 674
411 679
411 685
411 690
411 695
411 698
411 704
411 713
411 731
411 742
411 744
411 749
411 751
411 754
411 761
411 769
411 781
411 796
411 798
411 799
412 415
412 417
412 421
412 476
412 491
412 492
412 500
412 506
412 531
412 543
412 546
412 570
412 580
412 598
412 601
412 603
412 620
412 627
412 632
412 633
412 663
412 666
412 726
412 732
412 742
412 743
412 766
412 795
413 432
413 436
413 446
413 464
413 467
413 469
413 490
413 507
413 526
413 542
413 552
413 562
413 567
413 579
413 618
413 638
413 650
413 658
413 664
413 665
413 686
413 698
413 708
413 712
413 723
413 728
413 739
413 741
413 759
413 764
413 787
413 792
413 797
414 420
414 426
414 434
414 440
414 445
414 461
414 473
414 489
414 522
414 545
414 573
414 619
414 621
414 643
414 648
414 652
414 659
414 676
414 714
414 752
414 758
414 759
414 774
414 776
414 787
414 798
414 799
415 431
415 439
415 449
415 456
415 463
415 466
415 502
415 522
415 524
415 531
415 537
415 546
415 574
415 583
415 609
415 625
415 633
415 634
415 640
415 641
415 660
415 708
415 733
415 748
415 771
415 777
415 783
416 428
416 454
416 456
416 490
416 493
416 501
416 516
416 518
416 528
416 532
416 534
416 547
416 548
416 552
416 564
416 571
416 575
416 591
416 595
416 617
416 626
416 633
416 641
416 643
416 648
416 653
416 675
416 681
416 688
416 695
416 704
416 709
416 710
416 714
416 730
416 736
416 737
416 739
416 741
416 744
416 746
416 765
416 786
416 794
416 799
417 424
417 443
417 450
417 480
417 501
417 514
417 526
417 538
417 540
417 542
417 565
417 566
417 578
417 581
417 615
417 621
417 634
417 653
417 659
417 666
417 674
417 683
417 684
417 698
417 702
417 739
417 745
417 765
417 768
417 773
417 775
417 784
418 440
418 450
418 462
418 467
418 468
418 509
418 513
418 524
418 556
418 572
418 596
418 601
418 620
418 630
418 650
418 652
418 684
418 701
418 707
418 718
418 737
418 740
418 752
418 756
418 767
418 773
418 785
418 786
419 446
419 465
419 474
419 478
419 495
419 514
419 516
419 521
419 527
419 543
419 572
419 574
419 584
419 604
419 626
419 632
419 635
419 639
419 643
419 651
419 667
419 673
419 675
419 726
419 731
419 735
419 737
419 747
419 751
419 762
419 775
419 784
419 795
420 444
420 448
420 457
420 462
420 465
420 467
420 472
420 478
420 480
420 486
420 488
420 518
420 522
420 525
420 538
420 539
420 545
420 550
420 574
420 583
420 589
420 592
420 610
420 613
420 631
420 641
420 647
420 658
420 666
420 680
420 705
420 714
420 764
420 782
421 426
421 488
421 514
421 524
421 547
421 600
421 607
421 614
421 619
421 637
421 645
421 657
421 666
421 674
421 677
421 695
421 714
421 726
421 727
421 728
421 745
421 746
421 753
421 764
421 765
421 772
421 777
421 792
422 423
422 437
422 456
422 463
422 503
422 526
422 532
422 540
422 542
422 550
422 557
422 565
422 577
422 579
422 589
422 603
422 623
422 626
422 637
422 644
422 646
422 652
422 657
422 663
422 672
422 681
422 684
422 688
422 703
422 715
422 729
422 742
422 752
422 767
422 781
423 435
423 459
423 477
423 485
423 490
423 521
423 523
423 525
423 527
423 543
423 557
423 560
423 563
423 579
423 584
423 597
423 600
423 603
423 613
423 630
423 661
423 665
423 667
423 682
423 683
423 685
423 690
423 694
423 697
423 701
423 714
423 721
423 740
423 741
423 759
423 766
423 782
423 797
424 447
424 498
424 541
424 542
424 547
424 559
424 560
424 562
424 574
424 584
424 586
424 599
424 603
424 637
424 645
424 650
424 653
424 656
424 693
424 696
424 700
424 703
424 711
424 714
424 726
424 755
424 780
424 783
424 796
424 797
425 435
425 439
425 441
425 451
425 455
425 459
425 463
425 470
425 477
425 483
425 484
425 486
425 510
425 519
425 550
425 552
425 576
425 592
425 604
425 625
425 639
425 658
425 659
425 689
425 713
425 727
425 743
425 749
425 791
426 445
426 467
426 517
426 520
426 566
426 580
426 613
426 618
426 640
426 646
426 648
426 654
426 658
426 661
426 705
426 714
426 721
426 729
426 735
426 737
426 749
426 757
426 790
427 442
427 443
427 464
427 478
427 485
427 500
427 506
427 553
427 558
427 559
427 579
427 582
427 609
427 654
427 677
427 683
427 690
427 711
427 714
427 737
427 758
427 759
427 766
427 794
427 799
428 433
428 450
428 470
428 480
428 481
428 507
428 527
428 545
428 577
428 588
428 596
428 597
428 616
428 635
428 685
428 703
428 744
428 745
428 768
428 773
428 783
429 447
429 471
429 477
429 482
429 487
429 490
429 491
429 500
429 549
429 564
429 607
429 623
429 630
429 644
429 647
429 664
429 672
429 687
429 697
429 699
429 711
429 713
429 716
429 719
429 733
429 763
429 766
429 767
429 771
429 785
429 788
430 432
430 444
430 446
430 450
430 457
430 464
430 477
430 482
430 485
430 487
430 516
430 518
430 539
430 543
430 556
430 560
430 564
430 566
430 597
430 600
430 601
430 603
430 604
430 614
430 630
430 636
430 639
430 658
430 664
430 674
430 727
430 763
430 785
430 789
431 432
431 461
431 464
431 470
431 482
431 525
431 541
431 544
431 562
431 569
431 581
431 583
431 585
431 606
431 607
431 620
431 645
431 652
431 658
431 663
431 706
431 715
431 724
431 739
431 756
431 783
431 789
431 798
432 438
432 448
432 454
432 496
432 506
432 521
432 531
432 534
432 555
432 565
432 581
432 582
432 594
432 630
432 639
432 650
432 652
432 669
432 681
432 693
432 731
432 770
432 795
432 796
433 437
433 441
433 443
433 460
433 467
433 474
433 486
433 491
433 504
433 514
433 523
433 553
433 564
433 570
433 580
433 585
433 632
433 635
433 650
433 657
433 665
433 666
433 670
433 699
433 711
433 712
433 734
433 742
433 750
433 752
433 769
433 773
433 778
433 779
433 781
433 793
433 797
434 435
434 445
434 473
434 487
434 501
434 519
434 522
434 575
434 576
434 602
434 658
434 696
434 723
434 731
434 747
434 750
434 772
434 776
434 783
434 790
435 457
435 464
435 484
435 490
435 516
435 525
435 548
435 556
435 563
435 569
435 574
435 580
435 617
435 642
435 667
435 678
435 698
435 707
435 737
435 752
435 754
435 756
435 767
435 776
435 788
435 791
435 792
435 796
436 466
436 472
436 480
436 501
436 511
436 519
436 549
436 589
436 610
436 627
436 629
436 640
436 653
436 654
436 675
436 679
436 685
436 724
436 728
436 743
436 783
436 788
436 790
437 445
437 463
437 466
437 471
437 473
437 544
437 559
437 586
437 630
437 633
437 639
437 642
437 653
437 654
437 655
437 663
437 664
437 667
437 670
437 678
437 679
437 685
437 700
437 717
437 731
437 740
437 743
438 470
438 510
438 516
438 532
438 544
438 551
438 555
438 559
438 568
438 600
438 608
438 623
438 625
438 627
438 643
438 653
438 656
438 658
438 666
438 687
438 692
438 702
438 740
438 754
438 755
438 759
438 782
438 786
438 792
439 444
439 467
439 468
439 475
439 476
439 525
439 585
439 612
439 613
439 621
439 623
439 664
439 672
439 677
439 691
439 708
439 714
439 742
439 757
439 759
439 778
439 796
439 800
440 451
440 470
440 472
440 532
440 536
440 571
440 582
440 598
440 610
440 613
440 636
440 650
440 657
440 664
440 685
440 687
440 688
440 702
440 704
440 709
440 737
440 760
440 763
440 791
441 457
441 482
441 493
441 499
441 513
441 531
441 542
441 556
441 565
441 576
441 585
441 587
441 589
441 590
441 602
441 607
441 609
441 628
441 633
441 634
441 650
441 657
441 707
441 722
441 733
441 748
441 760
441 770
442 445
442 446
442 483
442 498
442 505
442 512
442 517
442 549
442 552
442 573
442 583
442 606
442 608
442 649
442 650
442 665
442 671
442 677
442 694
442 705
442 713
442 730
442 786
442 787
442 795
443 448
443 487
443 494
443 496
443 503
443 508
443 511
443 517
443 522
443 552
443 556
443 561
443 564
443 565
443 568
443 576
443 606
443 632
443 653
443 659
443 660
443 661
443 691
443 697
443 702
443 776
443 778
443 782
443 784
443 790
443 793
443 797
443 798
444 457
444 460
444 471
444 473
444 484
444 514
444 522
444 543
444 558
444 560
444 584
444 585
444 587
444 590
444 594
444 595
444 616
444 625
444 630
444 638
444 641
444 673
444 726
444 732
444 736
444 777
444 788
445 454
445 455
445 466
445 467
445 485
445 492
445 522
445 549
445 556
445 561
445 562
445 566
445 572
445 596
445 632
445 652
445 654
445 663
445 671
445 673
445 680
445 691
445 724
445 731
445 733
445 735
445 741
445 746
445 751
445 763
445 764
445 788
445 790
445 800
446 447
446 453
446 488
446 499
446 500
446 501
446 511
446 514
446 523
446 533
446 567
446 572
446 590
446 601
446 604
446 630
446 643
446 649
446 683
446 701
446 711
446 713
446 722
446 753
446 779
446 780
446 792
447 459
447 463
447 473
447 476
447 482
447 487
447 489
447 500
447 506
447 548
447 563
447 592
447 604
447 635
447 646
447 657
447 675
447 683
447 694
447 705
447 714
447 742
447 761
447 767
447 769
447 781
447 795
448 475
448 480
448 506
448 509
448 515
448 523
448 524
448 529
448 548
448 554
448 563
448 585
448 588
448 625
448 651
448 658
448 682
448 685
448 701
448 738
448 744
448 755
448 762
448 773
448 794
449 459
449 461
449 465
449 466
449 488
449 499
449 528
449 544
449 546
449 560
449 570
449 574
449 598
449 599
449 608
449 611
449 627
449 661
449 679
449 683
449 686
449 687
449 699
449 706
449 707
449 722
449 726
449 736
449 739
449 746
449 748
449 766
449 780
450 464
450 467
450 474
450 477
450 497
450 551
450 560
450 565
450 576
450 578
450 580
450 605
450 618
450 636
450 638
450 652
450 659
450 677
450 680
450 684
450 700
450 704
450 709
450 743
450 755
450 757
450 764
450 769
450 770
450 775
450 778
451 472
451 478
451 483
451 488
451 501
451 524
451 550
451 555
451 559
451 562
451 592
451 606
451 613
451 628
451 630
451 633
451 638
451 678
451 692
451 701
451 708
451 715
451 728
451 729
451 767
451 769
451 770
451 784
452 455
452 456
452 462
452 471
452 479
452 485
452 488
452 495
452 511
452 514
452 529
452 545
452 546
452 556
452 559
452 560
452 578
452 592
452 594
452 605
452 607
452 611
452 627
452 649
452 656
452 666
452 690
452 716
452 723
452 724
452 738
452 767
452 776
452 795
453 465
453 468
453 496
453 507
453 520
453 527
453 535
453 557
453 570
453 572
453 574
453 578
453 584
453 587
453 596
453 600
453 606
453 611
453 615
453 624
453 629
453 641
453 670
453 692
453 693
453 702
453 703
453 704
453 731
453 758
453 794
454 460
454 464
454 469
454 486
454 503
454 512
454 521
454 526
454 547
454 554
454 589
454 593
454 606
454 611
454 612
454 623
454 674
454 696
454 719
454 722
454 724
454 728
454 752
454 761
454 767
454 777
454 793
455 464
455 491
455 494
455 543
455 555
455 571
455 573
455 589
455 616
455 626
455 628
455 633
455 635
455 646
455 658
455 660
455 675
455 677
455 681
455 700
455 707
455 720
455 724
455 773
455 776
456 472
456 475
456 477
456 480
456 488
456 516
456 525
456 531
456 536
456 548
456 571
456 584
456 606
456 631
456 641
456 648
456 650
456 656
456 660
456 671
456 687
456 690
456 698
456 704
456 710
456 726
456 729
456 735
456 736
456 739
456 797
457 460
457 486
457 493
457 499
457 501
457 506
457 507
457 508
457 526
457 534
457 573
457 586
457 619
457 632
457 637
457 666
457 670
457 686
457 687
457 713
457 744
457 761
457 763
457 770
457 791
457 797
458 467
458 469
458 486
458 511
458 518
458 529
458 546
458 559
458 564
458 581
458 585
458 602
458 618
458 622
458 685
458 689
458 709
458 719
458 734
459 464
459 466
459 474
459 479
459 482
459 487
459 497
459 499
459 501
459 507
459 516
459 536
459 544
459 608
459 613
459 615
459 627
459 631
459 636
459 638
459 650
459 669
459 672
459 677
459 685
459 694
459 711
459 715
459 735
460 472
460 479
460 482
460 485
460 495
460 505
460 513
460 518
460 521
460 546
460 556
460 560
460 573
460 616
460 635
460 642
460 657
460 665
460 704
460 716
460 744
460 758
460 766
460 770
460 789
460 791
460 799
461 484
461 486
461 499
461 574
461 581
461 602
461 612
461 627
461 630
461 633
461 641
461 642
461 669
461 702
461 705
461 707
461 710
461 717
461 734
461 743
461 751
461 785
461 786
461 791
461 794
462 467
462 469
462 508
462 514
462 522
462 533
462 534
462 558
462 597
462 608
462 618
462 631
462 633
462 642
462 662
462 663
462 674
462 681
462 683
462 689
462 720
462 739
462 741
462 743
462 745
462 755
462 766
463 505
463 506
463 533
463 551
463 558
463 579
463 590
463 594
463 613
463 616
463 626
463 643
463 648
463 660
463 716
463 722
463 727
463 743
463 778
463 785
463 793
463 795
463 800
464 472
464 474
464 493
464 504
464 519
464 522
464 543
464 579
464 596
464 598
464 603
464 618
464 623
464 626
464 645
464 657
464 689
464 705
464 707
464 725
464 727
464 776
464 785
465 487
465 493
465 522
465 548
465 579
465 594
465 619
465 622
465 625
465 641
465 643
465 644
465 663
465 685
465 708
465 711
465 723
465 757
465 760
465 775
465 792
466 473
466 478
466 485
466 486
466 493
466 503
466 510
466 515
466 518
466 522
466 537
466 539
466 546
466 548
466 591
466 613
466 616
466 630
466 640
466 661
466 682
466 696
466 709
466 719
466 761
466 772
466 780
467 472
467 473
467 495
467 504
467 516
467 521
467 523
467 534
467 536
467 567
467 572
467 588
467 589
467 603
467 607
467 617
467 621
467 625
467 639
467 646
467 678
467 702
467 713
467 721
467 738
467 779
467 789
468 484
468 504
468 505
468 514
468 522
468 525
468 536
468 538
468 546
468 551
468 553
468 557
468 558
468 562
468 563
468 571
468 575
468 579
468 600
468 621
468 635
468 636
468 651
468 659
468 666
468 676
468 681
468 700
468 702
468 712
468 733
468 738
468 739
468 741
468 747
468 760
468 764
468 767
468 772
468 773
468 786
469 493
469 500
469 501
469 558
469 566
469 571
469 598
469 601
469 625
469 645
469 647
469 648
469 668
469 684
469 689
469 693
469 704
469 730
469 740
469 752
469 766
470 474
470 502
470 512
470 531
470 537
470 571
470 587
470 596
470 605
470 607
470 624
470 634
470 644
470 646
470 649
470 696
470 720
470 728
470 754
470 767
470 770
470 775
470 779
471 482
471 501
471 529
471 532
471 555
471 560
471 586
471 589
471 620
471 625
471 639
471 669
471 675
471 679
471 690
471 692
471 709
471 711
471 716
471 725
471 744
471 754
471 757
471 759
471 777
471 800
472 477
472 482
472 508
472 528
472 552
472 556
472 588
472 611
472 614
472 626
472 645
472 652
472 660
472 661
472 678
472 686
472 697
472 714
472 740
472 777
472 785
473 506
473 539
473 547
473 558
473 575
473 578
473 580
473 607
473 608
473 615
473 623
473 635
473 655
473 672
473 673
473 704
473 708
473 734
473 757
473 761
473 776
473 777
473 780
473 781
474 476
474 477
474 496
474 497
474 508
474 512
474 513
474 517
474 538
474 574
474 580
474 584
474 589
474 598
474 615
474 618
474 638
474 660
474 678
474 700
474 716
474 760
474 773
474 777
474 798
474 799
475 480
475 522
475 526
475 529
475 530
475 536
475 542
475 547
475 563
475 577
475 581
475 596
475 635
475 650
475 657
475 661
475 708
475 731
475 736
475 740
475 770
475 785
476 479
476 489
476 509
476 537
476 543
476 567
476 578
476 589
476 602
476 610
476 617
476 620
476 628
476 637
476 638
476 654
476 659
476 673
476 682
476 689
476 733
476 744
476 748
476 756
476 768
476 785
476 790
476 798
477 491
477 494
477 508
477 512
477 570
477 587
477 623
477 630
477 644
477 646
477 652
477 662
477 664
477 680
477 730
477 732
477 737
477 741
477 745
477 748
477 778
477 789
478 481
478 486
478 492
478 496
478 497
478 509
478 515
478 529
478 530
478 538
478 548
478 557
478 571
478 573
478 596
478 597
478 636
478 639
478 646
478 653
478 658
478 679
478 683
478 708
478 718
478 729
478 733
478 736
478 741
478 744
478 748
478 776
478 777
478 778
478 792
479 487
479 501
479 526
479 537
479 576
479 580
479 627
479 632
479 648
479 656
479 657
479 661
479 664
479 690
479 716
479 745
479 767
479 769
479 786
480 497
480 498
480 516
480 518
480 524
480 540
480 577
480 579
480 590
480 599
480 614
480 618
480 629
480 652
480 663
480 683
480 689
480 693
480 700
480 728
480 744
480 771
480 782
480 791
481 482
481 485
481 539
481 548
481 584
481 597
481 603
481 607
481 613
481 626
481 644
481 650
481 655
481 665
481 684
481 694
481 709
481 714
481 724
481 741
481 743
481 760
481 765
481 772
481 778
481 790
481 791
481 796
482 483
482 494
482 500
482 524
482 531
482 558
482 576
482 589
482 593
482 601
482 655
482 679
482 696
482 702
482 703
482 709
482 713
482 735
482 753
482 764
482 774
482 787
482 788
482 791
482 797
483 489
483 499
483 521
483 525
483 556
483 580
483 592
483 601
483 616
483 632
483 658
483 665
483 668
483 691
483 710
483 713
483 723
483 734
483 743
483 759
483 779
483 797
484 505
484 508
484 519
484 530
484 572
484 591
484 604
484 606
484 626
484 645
484 647
484 659
484 665
484 666
484 692
484 725
484 757
484 764
484 778
485 490
485 530
485 556
485 557
485 582
485 588
485 589
485 663
485 677
485 690
485 706
485 717
485 732
485 737
485 753
485 761
485 767
485 774
485 789
485 791
486 506
486 536
486 540
486 548
486 575
486 581
486 589
486 592
486 620
486 627
486 637
486 638
486 670
486 685
486 688
486 691
486 702
486 711
486 729
486 733
486 740
486 758
486 759
486 786
487 494
487 495
487 514
487 543
487 547
487 550
487 576
487 622
487 635
487 682
487 683
487 704
487 719
487 721
487 738
487 748
487 759
487 762
487 765
487 778
487 780
487 797
488 490
488 499
488 509
488 520
488 527
488 538
488 539
488 540
488 570
488 587
488 602
488 605
488 674
488 686
488 701
488 722
488 723
488 735
488 747
488 762
488 764
488 765
488 770
488 773
488 774
488 780
488 796
489 499
489 525
489 563
489 564
489 566
489 567
489 582
489 587
489 602
489 622
489 637
489 641
489 646
489 650
489 654
489 658
489 671
489 672
489 693
489 699
489 708
489 711
489 741
489 749
489 759
489 764
489 777
489 779
490 496
490 531
490 587
490 588
490 610
490 611
490 628
490 634
490 643
490 690
490 725
490 730
490 737
490 743
490 749
490 750
490 753
490 767
490 777
491 496
491 498
491 505
491 539
491 541
491 544
491 552
491 574
491 577
491 582
491 587
491 601
491 613
491 623
491 631
491 646
491 653
491 659
491 669
491 683
491 684
491 707
491 714
491 716
491 732
491 737
491 743
491 768
491 779
491 780
491 787
491 796
491 798
492 513
492 516
492 520
492 524
492 528
492 544
492 550
492 560
492 577
492 591
492 619
492 621
492 624
492 627
492 628
492 633
492 638
492 656
492 680
492 699
492 704
492 717
492 722
492 732
492 761
492 768
492 779
492 787
493 506
493 507
493 526
493 557
493 560
493 561
493 568
493 576
493 597
493 607
493 635
493 645
493 647
493 652
493 663
493 665
493 669
493 671
493 689
493 691
493 711
493 731
493 734
493 746
493 750
494 503
494 505
494 522
494 527
494 528
494 540
494 541
494 542
494 578
494 589
494 592
494 633
494 637
494 654
494 686
494 713
494 728
494 737
494 738
494 779
494 791
495 497
495 499
495 515
495 517
495 521
495 530
495 554
495 557
495 560
495 574
495 580
495 581
495 583
495 614
495 653
495 658
495 671
495 695
495 697
495 706
495 709
495 735
495 753
495 761
495 767
495 773
495 780
495 785
496 504
496 520
496 538
496 540
496 561
496 564
496 569
496 573
496 577
496 585
496 632
496 643
496 662
496 668
496 675
496 697
496 729
496 736
496 743
496 744
496 751
496 759
496 773
496 778
496 789
497 508
497 516
497 520
497 547
497 548
497 554
497 562
497 567
497 582
497 591
497 600
497 623
497 633
497 657
497 668
497 680
497 691
497 702
497 703
497 705
497 739
497 743
497 747
497 778
498 503
498 519
498 522
498 553
498 584
498 592
498 599
498 605
498 610
498 611
498 624
498 649
498 650
498 652
498 693
498 725
498 727
498 731
498 754
498 769
498 776
498 797
499 501
499 503
499 510
499 513
499 519
499 520
499 535
499 549
499 557
499 590
499 600
499 619
499 636
499 644
499 645
499 659
499 684
499 723
499 726
500 503
500 505
500 591
500 608
500 612
500 621
500 632
500 639
500 686
500 705
500 728
500 766
500 774
500 777
500 788
500 793
501 505
501 524
501 530
501 531
501 535
501 539
501 545
501 554
501 556
501 557
501 570
501 581
501 582
501 589
501 592
501 612
501 614
501 619
501 630
501 633
501 638
501 642
501 693
501 695
501 703
501 706
501 716
501 718
501 726
501 732
501 755
501 768
501 771
502 512
502 533
502 550
502 556
502 577
502 578
502 591
502 601
502 615
502 620
502 622
502 632
502 640
502 645
502 660
502 689
502 691
502 701
502 704
502 707
502 716
502 737
502 747
502 749
502 750
503 513
503 544
503 546
503 553
503 584
503 589
503 615
503 672
503 692
503 700
503 716
503 718
503 741
503 748
503 753
503 754
503 762
503 785
503 790
503 798
504 536
504 551
504 568
504 575
504 593
504 597
504 670
504 679
504 683
504 689
504 714
504 743
504 745
504 756
504 757
504 765
504 767
504 785
504 792
504 798
504 799
505 508
505 510
505 534
505 535
505 543
505 551
505 553
505 570
505 572
505 580
505 584
505 585
505 599
505 611
505 618
505 626
505 628
505 657
505 662
505 665
505 667
505 725
505 729
505 731
505 754
505 755
505 778
505 782
506 513
506 523
506 542
506 552
506 555
506 560
506 562
506 577
506 598
506 599
506 602
506 611
506 614
506 624
506 632
506 653
506 661
506 665
506 666
506 680
506 719
506 720
506 738
506 739
506 752
506 754
506 791
506 795
507 512
507 514
507 525
507 526
507 541
507 548
507 563
507 606
507 617
507 620
507 631
507 634
507 644
507 646
507 654
507 657
507 665
507 703
507 711
507 733
507 739
507 741
507 748
507 766
507 776
507 782
507 793
508 568
508 588
508 606
508 607
508 611
508 619
508 648
508 659
508 673
508 697
508 727
508 734
508 745
508 769
508 793
509 542
509 550
509 559
509 587
509 601
509 609
509 641
509 655
509 672
509 683
509 684
509 686
509 711
509 721
509 723
509 725
509 726
509 729
509 740
509 742
509 767
510 523
510 524
510 543
510 550
510 582
510 584
510 590
510 619
510 621
510 651
510 654
510 664
510 665
510 675
510 681
510 704
510 708
510 721
510 732
510 781
511 535
511 536
511 559
511 560
511 562
511 563
511 568
511 569
511 595
511 599
511 634
511 635
511 636
511 638
511 642
511 655
511 684
511 685
511 690
511 697
511 716
511 734
511 777
511 796
512 526
512 537
512 542
512 554
512 567
512 575
512 583
512 616
512 629
512 649
512 672
512 695
512 706
512 708
512 724
512 767
513 516
513 532
513 535
513 544
513 546
513 576
513 595
513 600
513 614
513 643
513 658
513 679
513 681
513 696
513 700
513 734
513 752
513 764
513 797
514 559
514 577
514 584
514 590
514 592
514 625
514 633
514 634
514 638
514 659
514 683
514 691
514 728
514 738
514 740
514 743
514 753
514 780
514 785
514 796
515 534
515 535
515 557
515 558
515 562
515 585
515 589
515 604
515 645
515 672
515 674
515 684
515 687
515 689
515 705
515 720
515 723
515 724
515 729
515 734
515 738
515 740
515 751
515 789
515 790
515 797
516 547
516 564
516 577
516 596
516 602
516 606
516 611
516 612
516 620
516 621
516 627
516 628
516 631
516 637
516 649
516 693
516 697
516 710
516 714
516 717
516 735
516 763
516 776
516 778
516 782
517 533
517 537
517 546
517 552
517 554
517 573
517 582
517 587
517 596
517 610
517 613
517 615
517 626
517 636
517 675
517 685
517 702
517 707
517 720
517 724
517 729
517 733
517 756
517 766
517 774
517 783
517 788
518 521
518 529
518 557
518 563
518 565
518 567
518 576
518 601
518 606
518 613
518 615
518 638
518 714
518 734
518 740
518 746
518 758
518 763
518 776
518 789
518 799
519 556
519 557
519 564
519 574
519 600
519 641
519 644
519 675
519 718
519 745
519 754
519 760
519 765
519 777
520 536
520 545
520 572
520 595
520 601
520 617
520 621
520 646
520 649
520 667
520 672
520 677
520 683
520 702
520 703
520 728
520 741
520 754
520 768
520 776
520 778
520 791
520 796
521 572
521 582
521 588
521 613
521 622
521 624
521 625
521 632
521 641
521 663
521 675
521 706
521 712
521 722
521 731
521 734
521 771
521 782
521 791
522 535
522 536
522 541
522 546
522 557
522 569
522 574
522 576
522 591
522 592
522 595
522 600
522 611
522 616
522 633
522 638
522 657
522 665
522 667
522 687
522 707
522 724
522 742
522 766
522 769
522 783
523 532
523 538
523 550
523 556
523 574
523 586
523 596
523 611
523 623
523 625
523 636
523 641
523 646
523 650
523 662
523 676
523 707
523 762
523 764
523 778
523 783
523 786
523 798
523 799
524 528
524 546
524 562
524 587
524 598
524 600
524 610
524 611
524 617
524 619
524 634
524 644
524 655
524 695
524 705
524 710
524 713
524 716
524 729
524 746
524 752
524 754
524 766
524 769
524 780
525 527
525 536
525 551
525 554
525 586
525 594
525 598
525 618
525 621
525 639
525 641
525 671
525 679
525 690
525 700
525 726
525 727
525 751
525 768
525 774
525 775
525 780
525 784
526 549
526 571
526 590
526 601
526 609
526 629
526 642
526 651
526 668
526 669
526 672
526 691
526 693
526 704
526 736
526 755
526 759
526 764
527 541
527 542
527 544
527 553
527 567
527 568
527 569
527 595
527 611
527 623
527 631
527 654
527 658
527 668
527 678
527 680
527 688
527 694
527 713
527 716
527 730
527 739
527 743
527 745
527 762
527 765
527 769
527 774
528 534
528 542
528 555
528 556
528 557
528 563
528 580
528 591
528 610
528 614
528 655
528 661
528 669
528 695
528 696
528 735
528 750
528 753
528 767
529 538
529 539
529 582
529 585
529 593
529 606
529 632
529 638
529 649
529 652
529 672
529 689
529 693
529 715
529 720
529 723
529 786
530 549
530 569
530 581
530 609
530 613
530 640
530 650
530 660
530 759
530 760
530 772
530 774
530 790
530 791
531 538
531 554
531 578
531 581
531 585
531 605
531 618
531 619
531 631
531 637
531 642
531 650
531 659
531 684
531 687
531 688
531 692
531 717
531 726
531 736
531 740
531 746
531 747
531 760
531 783
532 540
532 550
532 573
532 576
532 635
532 652
532 655
532 657
532 666
532 669
532 708
532 713
532 728
532 735
532 739
532 748
532 753
532 754
532 757
532 759
532 772
532 790
533 541
533 547
533 552
533 553
533 568
533 574
533 603
533 617
533 625
533 641
533 651
533 658
533 670
533 678
533 679
533 709
533 718
533 733
533 736
533 762
533 796
534 549
534 555
534 561
534 623
534 624
534 637
534 638
534 659
534 666
534 672
534 678
534 679
534 681
534 687
534 688
534 705
534 713
534 737
534 762
534 783
534 791
534 800
535 546
535 570
535 580
535 586
535 587
535 595
535 603
535 609
535 620
535 628
535 641
535 643
535 646
535 647
535 663
535 728
535 739
535 741
535 743
535 776
535 782
535 795
536 560
536 579
536 590
536 600
536 604
536 615
536 656
536 668
536 687
536 724
536 728
536 755
536 758
536 759
536 760
536 792
536 800
537 546
537 568
537 577
537 581
537 584
537 598
537 605
537 608
537 615
537 627
537 635
537 642
537 644
537 658
537 661
537 668
537 675
537 700
537 703
537 727
537 728
537 730
537 732
537 735
537 761
537 775
537 777
538 540
538 570
538 583
538 588
538 592
538 597
538 602
538 610
538 637
538 656
538 658
538 666
538 686
538 688
538 692
538 693
538 697
538 709
538 714
538 736
538 745
538 750
538 760
538 769
538 780
538 782
539 550
539 551
539 566
539 580
539 582
539 591
539 618
539 626
539 627
539 670
539 672
539 679
539 691
539 717
539 719
539 721
539 726
539 727
539 741
539 742
539 745
539 746
539 754
539 757
539 758
539 795
539 800
540 544
540 548
540 555
540 561
540 594
540 600
540 602
540 622
540 631
540 640
540 653
540 658
540 663
540 671
540 672
540 693
540 700
540 708
540 720
540 730
540 731
540 746
540 764
540 766
540 792
540 794
541 551
541 564
541 565
541 577
541 580
541 593
541 604
541 616
541 631
541 650
541 655
541 679
541 685
541 698
541 703
541 707
541 727
541 751
541 761
541 770
541 800
542 546
542 568
542 576
542 581
542 605
542 611
542 617
542 619
542 643
542 656
542 658
542 686
542 693
542 707
542 713
542 731
542 746
542 747
542 757
542 759
542 762
542 766
542 768
542 769
542 771
542 774
542 790
542 794
542 798
543 558
543 591
543 612
543 614
543 629
543 634
543 657
543 670
543 710
543 716
543 721
543 725
543 740
543 748
543 752
543 754
543 768
543 777
544 545
544 552
544 553
544 556
544 558
544 571
544 618
544 625
544 632
544 642
544 656
544 664
544 677
544 735
544 737
544 744
544 751
544 758
544 769
544 776
544 782
545 547
545 548
545 561
545 562
545 567
545 568
545 586
545 601
545 605
545 610
545 659
545 664
545 675
545 691
545 696
545 725
545 740
545 744
545 749
545 767
545 786
546 549
546 553
546 556
546 567
546 592
546 594
546 604
546 611
546 632
546 638
546 640
546 643
546 655
546 657
546 663
546 677
546 706
546 729
546 733
546 743
546 753
546 769
546 777
546 786
546 793
547 548
547 556
547 562
547 563
547 575
547 582
547 586
547 595
547 597
547 599
547 619
547 636
547 642
547 655
547 668
547 698
547 703
547 720
547 722
547 754
547 755
547 782
547 783
547 785
547 791
548 559
548 566
548 592
548 601
548 604
548 630
548 642
548 656
548 664
548 665
548 689
548 693
548 703
548 725
548 735
548 738
548 742
548 746
548 763
548 765
548 767
548 770
548 777
548 782
548 798
548 799
549 558
549 590
549 600
549 630
549 631
549 638
549 654
549 661
549 682
549 685
549 699
549 707
549 729
549 737
549 744
549 746
549 753
549 757
549 770
549 772
549 800
550 555
550 559
550 565
550 568
550 580
550 602
550 634
550 639
550 661
550 669
550 681
550 690
550 692
550 694
550 698
550 704
550 708
550 713
550 715
550 726
550 734
550 766
550 768
550 774
550 781
550 796
550 797
550 798
551 553
551 554
551 562
551 566
551 575
551 580
551 586
551 610
551 629
551 663
551 665
551 667
551 670
551 674
551 681
551 684
551 708
551 734
551 751
551 795
551 796
551 800
552 562
552 565
552 579
552 597
552 604
552 617
552 618
552 629
552 631
552 651
552 654
552 668
552 693
552 696
552 712
552 729
552 760
552 761
552 766
552 767
552 775
552 779
552 790
553 579
553 591
553 611
553 643
553 650
553 655
553 658
553 671
553 686
553 690
553 698
553 710
553 722
553 726
553 732
553 771
553 773
553 780
553 793
554 577
554 581
554 603
554 604
554 610
554 626
554 642
554 655
554 667
554 671
554 676
554 677
554 722
554 726
554 733
554 785
555 564
555 565
555 575
555 603
555 604
555 616
555 618
555 626
555 682
555 700
555 703
555 717
555 729
555 748
555 749
555 763
556 560
556 563
556 579
556 581
556 601
556 603
556 637
556 689
556 695
556 701
556 757
556 758
556 760
556 771
556 775
556 776
556 786
556 800
557 573
557 578
557 595
557 627
557 638
557 666
557 719
557 720
557 748
557 750
557 766
557 784
557 798
558 569
558 570
558 581
558 601
558 606
558 609
558 619
558 647
558 657
558 659
558 660
558 662
558 680
558 690
558 707
558 724
558 740
558 776
558 777
558 779
558 786
559 574
559 579
559 633
559 664
559 669
559 734
559 736
559 746
559 754
559 770
559 778
559 785
559 787
559 798
559 799
560 578
560 588
560 633
560 640
560 642
560 645
560 649
560 669
560 678
560 679
560 705
560 717
560 724
560 736
560 739
560 757
560 767
560 773
560 794
561 586
561 590
561 609
561 636
561 642
561 654
561 660
561 668
561 692
561 715
561 723
561 732
561 737
561 744
561 770
561 775
561 783
561 796
561 798
562 570
562 574
562 582
562 588
562 625
562 635
562 663
562 669
562 674
562 713
562 717
562 729
562 743
562 752
562 756
562 769
562 787
562 792
562 793
562 799
563 572
563 594
563 601
563 632
563 638
563 647
563 667
563 690
563 696
563 698
563 701
563 707
563 716
563 722
563 729
563 743
563 746
563 748
563 754
563 755
563 761
563 798
564 565
564 568
564 574
564 577
564 596
564 617
564 622
564 635
564 636
564 640
564 647
564 668
564 672
564 686
564 687
564 714
564 726
564 735
564 743
564 756
564 762
564 790
564 791
565 566
565 594
565 601
565 612
565 615
565 617
565 632
565 636
565 639
565 644
565 662
565 702
565 733
565 746
565 751
565 759
565 763
565 779
565 785
565 786
565 791
565 793
566 570
566 617
566 618
566 627
566 628
566 632
566 668
566 693
566 694
566 697
566 711
566 717
566 727
566 749
566 762
566 778
566 782
566 786
566 799
566 800
567 568
567 572
567 596
567 604
567 627
567 629
567 651
567 655
567 668
567 718
567 720
567 728
567 735
567 736
567 751
567 775
567 777
568 573
568 578
568 589
568 590
568 617
568 623
568 632
568 637
568 646
568 656
568 695
568 699
568 749
568 750
568 754
568 788
568 798
569 571
569 580
569 583
569 591
569 598
569 608
569 614
569 620
569 639
569 644
569 650
569 652
569 660
569 669
569 679
569 707
569 732
569 758
569 775
569 779
569 787
570 580
570 582
570 600
570 613
570 614
570 634
570 640
570 651
570 659
570 672
570 726
570 739
570 746
570 753
570 764
570 777
570 789
571 582
571 607
571 618
571 639
571 659
571 664
571 666
571 669
571 673
571 685
571 686
571 689
571 692
571 699
571 701
571 706
571 714
571 718
571 727
571 739
571 761
571 789
571 795
572 582
572 591
572 608
572 620
572 636
572 658
572 666
572 682
572 703
572 704
572 718
572 724
572 752
572 763
572 778
572 788
573 593
573 595
573 597
573 599
573 601
573 608
573 609
573 661
573 665
573 686
573 691
573 692
573 709
573 717
573 728
573 731
573 797
574 585
574 591
574 593
574 605
574 608
574 609
574 614
574 620
574 648
574 652
574 655
574 665
574 671
574 684
574 693
574 694
574 699
574 712
574 732
574 741
574 758
574 771
574 781
575 580
575 594
575 596
575 619
575 626
575 629
575 645
575 656
575 663
575 678
575 702
575 708
575 733
575 739
575 747
575 753
575 756
575 763
575 772
575 780
575 781
575 789
575 792
575 793
576 579
576 590
576 596
576 617
576 630
576 644
576 651
576 656
576 665
576 673
576 688
576 698
576 728
576 740
576 742
576 743
576 745
576 779
576 793
577 580
577 605
577 616
577 623
577 624
577 634
577 650
577 660
577 670
577 683
577 691
577 707
577 714
577 719
577 733
577 763
577 775
577 777
577 789
577 791
578 610
578 633
578 648
578 653
578 662
578 669
578 689
578 715
578 725
578 735
578 738
578 752
578 759
578 771
578 774
578 779
578 781
578 783
578 786
579 581
579 594
579 644
579 646
579 659
579 680
579 688
579 693
579 703
579 704
579 708
579 709
579 713
579 759
579 775
579 776
579 790
579 793
580 588
580 599
580 608
580 618
580 691
580 704
580 709
580 726
580 727
580 729
580 779
580 794
581 599
581 602
581 611
581 612
581 620
581 643
581 644
581 652
581 665
581 673
581 675
581 687
581 697
581 701
581 731
581 734
581 771
581 776
581 777
581 788
581 798
582 594
582 606
582 629
582 631
582 652
582 654
582 660
582 680
582 702
582 710
582 717
582 718
582 719
582 724
582 739
582 747
582 748
582 761
582 772
582 795
583 597
583 598
583 620
583 626
583 638
583 642
583 647
583 662
583 667
583 687
583 692
583 701
583 705
583 711
583 729
583 735
583 745
583 758
583 759
583 760
583 771
583 782
583 787
584 607
584 611
584 613
584 616
584 632
584 648
584 678
584 689
584 727
584 744
584 751
584 753
584 765
584 776
584 788
585 589
585 595
585 602
585 630
585 638
585 648
585 655
585 670
585 676
585 681
585 688
585 695
585 696
585 697
585 699
585 700
585 716
585 719
585 749
585 782
586 589
586 621
586 625
586 630
586 637
586 648
586 676
586 681
586 694
586 701
586 705
586 727
586 734
586 750
586 756
586 763
586 780
586 793
586 796
587 604
587 607
587 610
587 613
587 626
587 632
587 670
587 683
587 707
587 709
587 737
587 745
587 753
587 763
587 797
588 626
588 640
588 650
588 671
588 675
588 679
588 683
588 688
588 708
588 731
588 740
588 754
588 763
588 766
588 777
588 781
588 798
589 594
589 597
589 625
589 636
589 637
589 671
589 675
589 676
589 696
589 706
589 721
589 730
589 732
589 738
589 742
589 749
590 592
590 612
590 622
590 624
590 627
590 634
590 671
590 680
590 681
590 694
590 708
590 733
590 737
590 741
590 742
590 760
590 777
590 788
590 791
591 607
591 616
591 619
591 640
591 641
591 647
591 669
591 672
591 692
591 702
591 715
591 722
591 732
591 740
591 742
591 744
591 759
591 767
591 792
592 610
592 625
592 631
592 658
592 659
592 662
592 670
592 703
592 707
592 737
592 746
592 749
592 752
592 780
592 785
592 797
593 619
593 622
593 624
593 626
593 630
593 647
593 651
593 653
593 657
593 666
593 668
593 676
593 679
593 708
593 715
593 729
593 732
593 738
593 768
593 782
594 624
594 633
594 659
594 660
594 662
594 666
594 672
594 675
594 680
594 685
594 695
594 727
594 743
595 602
595 611
595 614
595 621
595 720
595 735
595 764
595 774
595 783
595 789
595 794
596 614
596 617
596 625
596 626
596 655
596 656
596 682
596 684
596 694
596 709
596 730
596 733
596 750
596 771
596 778
596 789
596 800
597 631
597 644
597 648
597 655
597 672
597 681
597 682
597 697
597 715
597 717
597 735
597 745
597 756
597 783
597 794
598 614
598 621
598 629
598 630
598 661
598 680
598 700
598 723
598 726
598 728
598 738
598 741
598 748
598 756
598 758
599 623
599 643
599 649
599 665
599 675
599 679
599 710
599 713
599 717
599 728
599 729
600 612
600 631
600 635
600 642
600 659
600 681
600 690
600 703
600 719
600 720
600 753
600 756
600 776
600 791
601 604
601 609
601 610
601 617
601 620
601 630
601 639
601 652
601 660
601 678
601 686
601 698
601 704
601 746
601 748
601 763
601 765
601 771
601 772
601 773
601 784
602 622
602 634
602 648
602 650
602 652
602 661
602 663
602 675
602 692
602 697
602 704
602 707
602 720
602 723
602 727
602 742
602 759
602 770
602 775
602 786
602 793
602 794
602 795
603 617
603 624
603 628
603 662
603 663
603 704
603 716
603 728
603 729
603 758
603 770
603 773
603 786
603 787
603 795
604 607
604 608
604 609
604 615
604 628
604 682
604 689
604 711
604 731
604 737
604 746
604 759
604 795
605 606
605 614
605 615
605 619
605 639
605 674
605 682
605 690
605 695
605 702
605 712
605 728
605 729
605 747
605 772
605 792
606 614
606 615
606 626
606 635
606 636
606 666
606 669
606 680
606 716
606 742
606 756
606 774
606 779
606 796
606 799
607 609
607 613
607 620
607 650
607 661
607 666
607 715
607 731
607 756
607 760
607 784
607 788
608 616
608 624
608 632
608 634
608 656
608 664
608 674
608 688
608 697
608 742
608 759
608 773
609 614
609 626
609 634
609 646
609 653
609 658
609 678
609 683
609 695
609 700
609 707
609 729
609 733
609 747
609 762
609 792
610 613
610 623
610 624
610 635
610 637
610 641
610 647
610 651
610 667
610 670
610 681
610 685
610 694
610 713
610 736
610 743
610 759
610 779
610 781
610 784
611 616
611 637
611 641
611 662
611 669
611 706
611 714
611 733
611 744
611 776
611 778
611 784
611 792
611 793
612 643
612 650
612 658
612 677
612 691
612 701
612 704
612 706
612 729
612 753
612 787
613 616
613 639
613 640
613 642
613 655
613 666
613 668
613 678
613 679
613 694
613 705
613 712
613 714
613 724
613 731
613 742
613 755
613 759
613 777
613 790
613 798
614 621
614 624
614 627
614 667
614 687
614 695
614 713
614 723
614 739
614 743
614 745
614 756
614 772
614 774
614 781
614 800
615 617
615 656
615 659
615 662
615 676
615 689
615 701
615 708
615 743
615 764
615 769
615 770
615 776
615 777
615 781
615 791
615 794
616 618
616 628
616 656
616 657
616 663
616 667
616 682
616 693
616 699
616 701
616 725
616 736
616 737
616 773
617 627
617 631
617 633
617 637
617 638
617 640
617 646
617 686
617 714
617 725
617 735
617 742
617 750
617 776
617 785
617 796
618 628
618 650
618 652
618 669
618 675
618 678
618 683
618 700
618 701
618 719
618 738
618 745
618 754
618 755
618 762
618 765
618 769
618 774
618 795
619 624
619 685
619 696
619 700
619 710
619 763
619 770
619 792
620 622
620 629
620 643
620 644
620 652
620 657
620 669
620 684
620 687
620 689
620 690
620 721
620 722
620 725
620 750
620 751
620 762
620 791
621 625
621 645
621 650
621 660
621 682
621 685
621 696
621 712
621 770
621 780
621 783
621 788
622 642
622 645
622 654
622 656
622 684
622 688
622 700
622 705
622 719
622 733
622 740
622 744
622 747
622 759
622 775
622 778
622 792
623 627
623 630
623 633
623 639
623 650
623 654
623 656
623 675
623 680
623 683
623 697
623 712
623 720
623 746
623 760
623 793
623 799
624 649
624 654
624 677
624 703
624 705
624 713
624 733
624 735
624 750
624 753
624 755
625 642
625 652
625 666
625 672
625 692
625 710
625 714
625 727
625 737
625 743
625 754
625 757
625 760
625 761
625 773
625 784
626 634
626 649
626 675
626 678
626 681
626 695
626 698
626 706
626 707
626 720
626 723
626 728
626 739
626 756
626 757
626 780
626 794
626 799
627 629
627 636
627 656
627 669
627 680
627 722
627 742
627 760
627 787
627 795
627 797
628 661
628 662
628 669
628 765
628 767
628 768
628 772
628 795
629 634
629 639
629 640
629 660
629 672
629 677
629 695
629 697
629 702
629 720
629 722
629 731
629 734
629 738
629 746
629 753
629 770
629 782
629 790
630 635
630 652
630 659
630 667
630 671
630 677
630 690
630 699
630 702
630 714
630 763
630 791
631 634
631 663
631 669
631 679
631 702
631 706
631 713
631 716
631 730
631 740
631 747
631 773
631 779
631 794
631 798
631 799
632 634
632 636
632 641
632 642
632 658
632 693
632 713
632 717
632 719
632 721
632 728
632 773
633 637
633 641
633 646
633 648
633 656
633 693
633 705
633 708
633 733
633 739
633 745
633 785
634 639
634 643
634 659
634 685
634 688
634 690
634 702
634 721
634 722
634 726
634 735
634 745
634 749
634 750
634 761
634 765
635 643
635 681
635 686
635 689
635 779
636 641
636 652
636 657
636 665
636 677
636 679
636 684
636 685
636 704
636 707
636 713
636 716
636 717
636 719
636 732
636 734
636 754
636 760
637 639
637 640
637 642
637 649
637 661
637 666
637 687
637 689
637 702
637 736
637 778
637 781
637 784
637 786
637 793
637 797
638 645
638 649
638 650
638 686
638 687
638 695
638 698
638 751
638 760
638 772
638 787
638 795
638 800
639 646
639 654
639 664
639 679
639 690
639 691
639 693
639 703
639 719
639 726
639 733
639 753
639 755
639 759
639 774
639 781
639 786
640 642
640 645
640 647
640 653
640 670
640 678
640 680
640 724
640 741
640 777
641 654
641 669
641 676
641 695
641 697
641 738
641 745
641 787
641 791
641 800
642 649
642 661
642 682
642 686
642 698
642 701
642 704
642 714
642 719
642 720
642 733
642 736
642 757
642 776
643 658
643 661
643 675
643 678
643 698
643 707
643 712
643 738
643 751
643 777
643 782
643 785
643 789
643 791
643 794
644 646
644 651
644 657
644 672
644 673
644 683
644 696
644 719
644 725
644 727
644 733
644 742
644 746
644 756
644 771
645 651
645 665
645 685
645 712
645 718
645 723
645 738
645 750
645 766
645 774
646 667
646 669
646 670
646 672
646 674
646 679
646 691
646 703
646 705
646 710
646 712
646 749
646 751
646 764
646 774
646 775
646 795
646 798
647 689
647 690
647 693
647 696
647 708
647 720
647 749
647 759
647 760
647 763
647 766
647 783
648 653
648 657
648 663
648 669
648 671
648 672
648 684
648 711
648 726
648 731
648 747
648 757
648 759
648 771
648 774
648 781
648 786
648 788
649 656
649 663
649 665
649 670
649 672
649 742
649 744
649 749
649 750
649 760
649 762
649 790
649 796
650 665
650 669
650 675
650 683
650 684
650 717
650 723
650 726
650 729
650 730
650 735
650 750
650 763
650 777
650 796
650 800
651 656
651 666
651 674
651 693
651 714
651 734
651 749
651 774
651 800
652 657
652 658
652 668
652 690
652 723
652 752
652 753
652 771
652 792
652 795
653 661
653 689
653 690
653 704
653 744
653 772
653 798
654 657
654 664
654 673
654 693
654 695
654 697
654 721
654 781
655 663
655 691
655 695
655 708
655 713
655 727
655 732
655 743
655 749
655 753
655 756
655 768
655 776
656 657
656 673
656 695
656 699
656 712
656 722
656 743
656 763
656 772
656 783
656 796
656 797
656 799
657 667
657 681
657 682
657 684
657 689
657 701
657 730
657 754
657 765
657 774
657 791
657 799
658 662
658 674
658 689
658 691
658 707
658 720
658 733
658 736
658 747
658 759
659 667
659 668
659 681
659 715
659 722
659 727
659 742
659 759
659 763
659 766
659 781
660 671
660 683
660 700
660 706
660 711
660 712
660 718
660 746
660 753
660 760
660 768
660 786
661 669
661 680
661 698
661 719
661 720
661 728
661 733
661 759
661 799
662 667
662 677
662 683
662 734
662 758
662 762
662 766
662 774
662 777
662 780
662 788
663 666
663 672
663 677
663 689
663 692
663 708
663 712
663 733
663 734
664 665
664 669
664 676
664 686
664 697
664 698
664 738
664 756
664 758
664 760
664 781
664 782
664 795
665 675
665 679
665 757
665 759
665 770
665 776
666 676
666 678
666 680
666 681
666 685
666 687
666 692
666 700
666 724
666 736
666 740
666 750
666 754
666 761
667 676
667 715
667 729
667 736
667 744
667 748
667 750
667 765
667 796
667 798
668 674
668 683
668 686
668 691
668 692
668 693
668 753
668 759
668 760
668 767
668 769
668 787
668 790
668 797
668 798
669 671
669 687
669 692
669 698
669 733
669 742
669 783
669 785
669 786
669 787
669 790
669 793
669 800
670 714
670 716
670 723
670 728
670 757
670 762
670 774
670 778
670 785
670 797
671 726
671 738
672 673
672 684
672 703
672 723
672 737
672 744
672 750
672 757
672 794
673 674
673 685
673 686
673 692
673 709
673 726
673 733
673 743
673 754
673 764
673 777
673 780
673 791
674 679
674 683
674 695
674 707
674 710
674 730
674 751
674 792
675 679
675 709
675 735
675 756
675 758
675 771
676 689
676 690
676 692
676 700
676 701
676 731
676 738
676 761
676 799
677 686
677 693
677 702
677 706
677 713
677 714
677 747
677 754
677 756
677 778
677 780
677 785
677 797
678 683
678 689
678 718
678 735
678 738
678 741
678 746
678 759
678 760
678 773
679 687
679 694
679 707
679 721
679 723
679 733
679 736
679 737
679 740
679 765
679 783
679 785
680 706
680 713
680 716
680 738
680 742
680 748
680 749
680 752
680 758
680 764
680 774
680 776
680 798
680 800
681 694
681 695
681 708
681 714
681 731
681 759
682 702
682 716
682 730
682 732
682 742
682 758
682 767
682 788
683 697
683 700
683 715
683 721
683 740
683 745
683 747
683 749
683 751
683 759
683 767
683 781
684 702
684 734
684 784
684 789
685 695
685 702
685 739
685 747
686 697
686 704
686 724
686 727
686 748
686 751
686 763
687 689
687 690
687 745
687 769
687 782
687 783
688 698
688 706
688 722
688 728
688 739
688 744
688 753
688 770
688 774
688 792
688 797
689 691
689 706
689 717
689 719
689 732
689 735
689 750
689 769
689 777
689 791
689 798
689 800
690 697
690 700
690 705
690 707
690 711
690 720
690 723
690 725
690 742
690 771
690 773
690 778
690 779
690 794
691 700
691 754
691 765
691 787
692 695
692 705
692 714
692 715
692 717
692 718
692 742
692 746
692 793
692 798
693 717
693 741
693 749
693 755
693 758
693 761
693 778
693 788
693 798
694 696
694 702
694 705
694 709
694 710
694 751
694 765
694 781
694 784
695 696
695 755
695 760
695 794
695 797
696 697
696 710
696 711
696 729
696 737
696 740
696 742
696 774
697 705
697 708
697 713
697 718
697 727
697 741
697 743
697 765
697 787
697 788
698 705
698 737
698 747
698 763
699 709
699 719
699 732
699 746
699 753
699 760
699 761
699 772
699 776
700 702
700 707
700 714
700 730
700 737
700 750
700 760
700 766
700 770
700 778
700 794
700 795
701 710
701 720
701 727
701 730
701 760
702 705
702 713
702 721
702 778
702 789
703 719
703 736
703 741
703 800
704 717
704 734
704 764
704 776
704 779
704 790
704 800
705 723
705 730
705 741
705 753
705 775
705 787
705 790
705 791
705 793
706 726
706 736
706 766
706 768
706 770
707 717
707 724
707 729
707 741
707 742
707 747
707 748
707 791
708 710
708 733
708 742
708 744
708 754
708 755
708 757
708 787
709 711
709 734
709 740
709 742
709 745
709 748
709 753
709 775
710 719
710 731
710 732
710 741
710 772
710 779
710 783
710 789
710 795
711 746
711 755
711 759
711 779
711 786
711 793
711 798
711 800
712 724
712 749
712 767
712 768
712 777
712 781
712 782
712 798
712 799
713 719
713 729
713 739
713 756
713 769
713 774
713 783
713 799
714 715
714 744
714 771
714 774
714 779
714 787
714 790
714 797
715 716
715 724
715 732
715 754
715 760
715 769
715 775
715 779
715 798
716 762
716 774
716 778
716 783
717 728
717 744
717 745
717 750
717 755
717 784
718 744
718 751
718 782
718 794
719 725
719 735
719 741
719 744
719 775
720 728
720 739
720 742
720 751
720 772
720 795
721 740
721 741
721 749
721 769
721 773
721 787
722 726
722 728
722 735
722 789
722 796
723 730
723 741
723 753
723 763
723 772
723 798
724 726
724 759
724 776
724 789
725 742
725 760
725 761
725 791
726 728
726 734
726 753
726 754
726 769
726 773
726 787
726 795
727 730
727 740
727 765
727 767
727 770
727 779
727 795
728 732
728 738
728 740
728 758
728 776
728 780
729 733
729 740
729 745
729 748
729 771
729 781
729 797
730 732
730 740
730 748
730 757
730 765
731 733
731 753
731 765
731 767
731 773
732 758
732 762
733 741
733 743
733 744
733 759
733 763
733 772
734 782
734 797
735 744
735 752
735 757
735 761
735 768
736 744
736 751
736 765
736 769
736 789
736 791
737 759
737 770
737 781
737 782
737 798
738 755
738 758
738 772
738 797
739 745
739 796
740 751
740 753
740 758
740 767
740 773
740 784
740 789
740 797
741 753
741 755
741 762
741 775
741 776
741 791
742 754
742 758
742 760
742 776
743 757
743 758
743 763
743 776
743 783
743 799
744 750
744 751
744 788
744 789
745 766
745 771
745 783
745 795
746 747
746 750
746 773
746 777
746 786
747 770
747 772
747 777
747 783
747 788
747 796
747 798
748 765
748 766
749 754
749 756
749 769
749 774
749 788
749 793
749 794
749 796
750 760
750 763
750 765
750 772
750 775
750 786
750 788
750 790
750 799
751 757
751 781
751 793
751 797
752 773
752 781
752 793
753 754
753 762
754 759
754 771
754 777
754 785
755 758
755 759
755 775
755 788
756 759
756 786
756 790
757 769
757 770
757 780
757 788
757 791
758 771
758 777
758 792
758 796
759 765
759 779
759 781
759 786
759 790
759 797
760 765
760 768
760 800
761 764
762 769
762 774
762 799
762 800
763 779
764 783
765 785
766 776
766 785
766 790
766 794
767 790
767 792
767 796
768 782
768 785
768 794
768 800
769 774
769 784
769 798
770 777
770 792
770 800
771 786
771 793
771 795
772 780
772 798
773 794
773 798
774 781
774 797
774 800
775 776
775 779
775 787
775 792
776 779
776 783
778 781
779 780
781 785
782 785
782 791
783 796
783 798
786 792
786 797
787 789
787 795
787 797
790 792
790 796
790 798
793 796
